target_camera_id,target_frame_index,target_time_s,target_fps,source_reference_camera,source_reference_frame_index,relative_rgb_path
front_center,0,0.000000,30,camera_front_wide_120fov,0,front_center/rgb/000000.png
front_center,1,0.033333,30,camera_front_wide_120fov,1,front_center/rgb/000001.png
front_center,2,0.066667,30,camera_front_wide_120fov,2,front_center/rgb/000002.png
front_center,3,0.100000,30,camera_front_wide_120fov,3,front_center/rgb/000003.png
front_center,4,0.133333,30,camera_front_wide_120fov,4,front_center/rgb/000004.png
front_center,5,0.166667,30,camera_front_wide_120fov,5,front_center/rgb/000005.png
front_center,6,0.200000,30,camera_front_wide_120fov,6,front_center/rgb/000006.png
front_center,7,0.233333,30,camera_front_wide_120fov,7,front_center/rgb/000007.png
front_center,8,0.266667,30,camera_front_wide_120fov,8,front_center/rgb/000008.png
front_center,9,0.300000,30,camera_front_wide_120fov,9,front_center/rgb/000009.png
front_center,10,0.333333,30,camera_front_wide_120fov,10,front_center/rgb/000010.png
front_center,11,0.366667,30,camera_front_wide_120fov,11,front_center/rgb/000011.png
front_center,12,0.400000,30,camera_front_wide_120fov,12,front_center/rgb/000012.png
front_center,13,0.433333,30,camera_front_wide_120fov,13,front_center/rgb/000013.png
front_center,14,0.466667,30,camera_front_wide_120fov,14,front_center/rgb/000014.png
front_center,15,0.500000,30,camera_front_wide_120fov,15,front_center/rgb/000015.png
front_center,16,0.533333,30,camera_front_wide_120fov,16,front_center/rgb/000016.png
front_center,17,0.566667,30,camera_front_wide_120fov,17,front_center/rgb/000017.png
front_center,18,0.600000,30,camera_front_wide_120fov,18,front_center/rgb/000018.png
front_center,19,0.633333,30,camera_front_wide_120fov,19,front_center/rgb/000019.png
front_center,20,0.666667,30,camera_front_wide_120fov,20,front_center/rgb/000020.png
front_center,21,0.700000,30,camera_front_wide_120fov,21,front_center/rgb/000021.png
front_center,22,0.733333,30,camera_front_wide_120fov,22,front_center/rgb/000022.png
front_center,23,0.766667,30,camera_front_wide_120fov,23,front_center/rgb/000023.png
front_center,24,0.800000,30,camera_front_wide_120fov,24,front_center/rgb/000024.png
front_center,25,0.833333,30,camera_front_wide_120fov,25,front_center/rgb/000025.png
front_center,26,0.866667,30,camera_front_wide_120fov,26,front_center/rgb/000026.png
front_center,27,0.900000,30,camera_front_wide_120fov,27,front_center/rgb/000027.png
front_center,28,0.933333,30,camera_front_wide_120fov,28,front_center/rgb/000028.png
front_center,29,0.966667,30,camera_front_wide_120fov,29,front_center/rgb/000029.png
front_center,30,1.000000,30,camera_front_wide_120fov,30,front_center/rgb/000030.png
front_center,31,1.033333,30,camera_front_wide_120fov,31,front_center/rgb/000031.png
front_center,32,1.066667,30,camera_front_wide_120fov,32,front_center/rgb/000032.png
front_center,33,1.100000,30,camera_front_wide_120fov,33,front_center/rgb/000033.png
front_center,34,1.133333,30,camera_front_wide_120fov,34,front_center/rgb/000034.png
front_center,35,1.166667,30,camera_front_wide_120fov,35,front_center/rgb/000035.png
front_center,36,1.200000,30,camera_front_wide_120fov,36,front_center/rgb/000036.png
front_center,37,1.233333,30,camera_front_wide_120fov,37,front_center/rgb/000037.png
front_center,38,1.266667,30,camera_front_wide_120fov,38,front_center/rgb/000038.png
front_center,39,1.300000,30,camera_front_wide_120fov,39,front_center/rgb/000039.png
front_center,40,1.333333,30,camera_front_wide_120fov,40,front_center/rgb/000040.png
front_center,41,1.366667,30,camera_front_wide_120fov,41,front_center/rgb/000041.png
front_center,42,1.400000,30,camera_front_wide_120fov,42,front_center/rgb/000042.png
front_center,43,1.433333,30,camera_front_wide_120fov,43,front_center/rgb/000043.png
front_center,44,1.466667,30,camera_front_wide_120fov,44,front_center/rgb/000044.png
front_center,45,1.500000,30,camera_front_wide_120fov,45,front_center/rgb/000045.png
front_center,46,1.533333,30,camera_front_wide_120fov,46,front_center/rgb/000046.png
front_center,47,1.566667,30,camera_front_wide_120fov,47,front_center/rgb/000047.png
front_center,48,1.600000,30,camera_front_wide_120fov,48,front_center/rgb/000048.png
front_center,49,1.633333,30,camera_front_wide_120fov,49,front_center/rgb/000049.png
front_center,50,1.666667,30,camera_front_wide_120fov,50,front_center/rgb/000050.png
front_center,51,1.700000,30,camera_front_wide_120fov,51,front_center/rgb/000051.png
front_center,52,1.733333,30,camera_front_wide_120fov,52,front_center/rgb/000052.png
front_center,53,1.766667,30,camera_front_wide_120fov,53,front_center/rgb/000053.png
front_center,54,1.800000,30,camera_front_wide_120fov,54,front_center/rgb/000054.png
front_center,55,1.833333,30,camera_front_wide_120fov,55,front_center/rgb/000055.png
front_center,56,1.866667,30,camera_front_wide_120fov,56,front_center/rgb/000056.png
front_center,57,1.900000,30,camera_front_wide_120fov,57,front_center/rgb/000057.png
front_center,58,1.933333,30,camera_front_wide_120fov,58,front_center/rgb/000058.png
front_center,59,1.966667,30,camera_front_wide_120fov,59,front_center/rgb/000059.png
front_center,60,2.000000,30,camera_front_wide_120fov,60,front_center/rgb/000060.png
front_center,61,2.033333,30,camera_front_wide_120fov,61,front_center/rgb/000061.png
front_center,62,2.066667,30,camera_front_wide_120fov,62,front_center/rgb/000062.png
front_center,63,2.100000,30,camera_front_wide_120fov,63,front_center/rgb/000063.png
front_center,64,2.133333,30,camera_front_wide_120fov,64,front_center/rgb/000064.png
front_center,65,2.166667,30,camera_front_wide_120fov,65,front_center/rgb/000065.png
front_center,66,2.200000,30,camera_front_wide_120fov,66,front_center/rgb/000066.png
front_center,67,2.233333,30,camera_front_wide_120fov,67,front_center/rgb/000067.png
front_center,68,2.266667,30,camera_front_wide_120fov,68,front_center/rgb/000068.png
front_center,69,2.300000,30,camera_front_wide_120fov,69,front_center/rgb/000069.png
front_center,70,2.333333,30,camera_front_wide_120fov,70,front_center/rgb/000070.png
front_center,71,2.366667,30,camera_front_wide_120fov,71,front_center/rgb/000071.png
front_center,72,2.400000,30,camera_front_wide_120fov,72,front_center/rgb/000072.png
front_center,73,2.433333,30,camera_front_wide_120fov,73,front_center/rgb/000073.png
front_center,74,2.466667,30,camera_front_wide_120fov,74,front_center/rgb/000074.png
front_center,75,2.500000,30,camera_front_wide_120fov,75,front_center/rgb/000075.png
front_center,76,2.533333,30,camera_front_wide_120fov,76,front_center/rgb/000076.png
front_center,77,2.566667,30,camera_front_wide_120fov,77,front_center/rgb/000077.png
front_center,78,2.600000,30,camera_front_wide_120fov,78,front_center/rgb/000078.png
front_center,79,2.633333,30,camera_front_wide_120fov,79,front_center/rgb/000079.png
front_center,80,2.666667,30,camera_front_wide_120fov,80,front_center/rgb/000080.png
front_center,81,2.700000,30,camera_front_wide_120fov,81,front_center/rgb/000081.png
front_center,82,2.733333,30,camera_front_wide_120fov,82,front_center/rgb/000082.png
front_center,83,2.766667,30,camera_front_wide_120fov,83,front_center/rgb/000083.png
front_center,84,2.800000,30,camera_front_wide_120fov,84,front_center/rgb/000084.png
front_center,85,2.833333,30,camera_front_wide_120fov,85,front_center/rgb/000085.png
front_center,86,2.866667,30,camera_front_wide_120fov,86,front_center/rgb/000086.png
front_center,87,2.900000,30,camera_front_wide_120fov,87,front_center/rgb/000087.png
front_center,88,2.933333,30,camera_front_wide_120fov,88,front_center/rgb/000088.png
front_center,89,2.966667,30,camera_front_wide_120fov,89,front_center/rgb/000089.png
front_center,90,3.000000,30,camera_front_wide_120fov,90,front_center/rgb/000090.png
front_center,91,3.033333,30,camera_front_wide_120fov,91,front_center/rgb/000091.png
front_center,92,3.066667,30,camera_front_wide_120fov,92,front_center/rgb/000092.png
front_center,93,3.100000,30,camera_front_wide_120fov,93,front_center/rgb/000093.png
front_center,94,3.133333,30,camera_front_wide_120fov,94,front_center/rgb/000094.png
front_center,95,3.166667,30,camera_front_wide_120fov,95,front_center/rgb/000095.png
front_center,96,3.200000,30,camera_front_wide_120fov,96,front_center/rgb/000096.png
front_center,97,3.233333,30,camera_front_wide_120fov,97,front_center/rgb/000097.png
front_center,98,3.266667,30,camera_front_wide_120fov,98,front_center/rgb/000098.png
front_center,99,3.300000,30,camera_front_wide_120fov,99,front_center/rgb/000099.png
front_center,100,3.333333,30,camera_front_wide_120fov,100,front_center/rgb/000100.png
front_center,101,3.366667,30,camera_front_wide_120fov,101,front_center/rgb/000101.png
front_center,102,3.400000,30,camera_front_wide_120fov,102,front_center/rgb/000102.png
front_center,103,3.433333,30,camera_front_wide_120fov,103,front_center/rgb/000103.png
front_center,104,3.466667,30,camera_front_wide_120fov,104,front_center/rgb/000104.png
front_center,105,3.500000,30,camera_front_wide_120fov,105,front_center/rgb/000105.png
front_center,106,3.533333,30,camera_front_wide_120fov,106,front_center/rgb/000106.png
front_center,107,3.566667,30,camera_front_wide_120fov,107,front_center/rgb/000107.png
front_center,108,3.600000,30,camera_front_wide_120fov,108,front_center/rgb/000108.png
front_center,109,3.633333,30,camera_front_wide_120fov,109,front_center/rgb/000109.png
front_center,110,3.666667,30,camera_front_wide_120fov,110,front_center/rgb/000110.png
front_center,111,3.700000,30,camera_front_wide_120fov,111,front_center/rgb/000111.png
front_center,112,3.733333,30,camera_front_wide_120fov,112,front_center/rgb/000112.png
front_center,113,3.766667,30,camera_front_wide_120fov,113,front_center/rgb/000113.png
front_center,114,3.800000,30,camera_front_wide_120fov,114,front_center/rgb/000114.png
front_center,115,3.833333,30,camera_front_wide_120fov,115,front_center/rgb/000115.png
front_center,116,3.866667,30,camera_front_wide_120fov,116,front_center/rgb/000116.png
front_center,117,3.900000,30,camera_front_wide_120fov,117,front_center/rgb/000117.png
front_center,118,3.933333,30,camera_front_wide_120fov,118,front_center/rgb/000118.png
front_center,119,3.966667,30,camera_front_wide_120fov,119,front_center/rgb/000119.png
front_center,120,4.000000,30,camera_front_wide_120fov,120,front_center/rgb/000120.png
front_center,121,4.033333,30,camera_front_wide_120fov,121,front_center/rgb/000121.png
front_center,122,4.066667,30,camera_front_wide_120fov,122,front_center/rgb/000122.png
front_center,123,4.100000,30,camera_front_wide_120fov,123,front_center/rgb/000123.png
front_center,124,4.133333,30,camera_front_wide_120fov,124,front_center/rgb/000124.png
front_center,125,4.166667,30,camera_front_wide_120fov,125,front_center/rgb/000125.png
front_center,126,4.200000,30,camera_front_wide_120fov,126,front_center/rgb/000126.png
front_center,127,4.233333,30,camera_front_wide_120fov,127,front_center/rgb/000127.png
front_center,128,4.266667,30,camera_front_wide_120fov,128,front_center/rgb/000128.png
front_center,129,4.300000,30,camera_front_wide_120fov,129,front_center/rgb/000129.png
front_center,130,4.333333,30,camera_front_wide_120fov,130,front_center/rgb/000130.png
front_center,131,4.366667,30,camera_front_wide_120fov,131,front_center/rgb/000131.png
front_center,132,4.400000,30,camera_front_wide_120fov,132,front_center/rgb/000132.png
front_center,133,4.433333,30,camera_front_wide_120fov,133,front_center/rgb/000133.png
front_center,134,4.466667,30,camera_front_wide_120fov,134,front_center/rgb/000134.png
front_center,135,4.500000,30,camera_front_wide_120fov,135,front_center/rgb/000135.png
front_center,136,4.533333,30,camera_front_wide_120fov,136,front_center/rgb/000136.png
front_center,137,4.566667,30,camera_front_wide_120fov,137,front_center/rgb/000137.png
front_center,138,4.600000,30,camera_front_wide_120fov,138,front_center/rgb/000138.png
front_center,139,4.633333,30,camera_front_wide_120fov,139,front_center/rgb/000139.png
front_center,140,4.666667,30,camera_front_wide_120fov,140,front_center/rgb/000140.png
front_center,141,4.700000,30,camera_front_wide_120fov,141,front_center/rgb/000141.png
front_center,142,4.733333,30,camera_front_wide_120fov,142,front_center/rgb/000142.png
front_center,143,4.766667,30,camera_front_wide_120fov,143,front_center/rgb/000143.png
front_center,144,4.800000,30,camera_front_wide_120fov,144,front_center/rgb/000144.png
front_center,145,4.833333,30,camera_front_wide_120fov,145,front_center/rgb/000145.png
front_center,146,4.866667,30,camera_front_wide_120fov,146,front_center/rgb/000146.png
front_center,147,4.900000,30,camera_front_wide_120fov,147,front_center/rgb/000147.png
front_center,148,4.933333,30,camera_front_wide_120fov,148,front_center/rgb/000148.png
front_center,149,4.966667,30,camera_front_wide_120fov,149,front_center/rgb/000149.png
front_center,150,5.000000,30,camera_front_wide_120fov,150,front_center/rgb/000150.png
front_center,151,5.033333,30,camera_front_wide_120fov,151,front_center/rgb/000151.png
front_center,152,5.066667,30,camera_front_wide_120fov,152,front_center/rgb/000152.png
front_center,153,5.100000,30,camera_front_wide_120fov,153,front_center/rgb/000153.png
front_center,154,5.133333,30,camera_front_wide_120fov,154,front_center/rgb/000154.png
front_center,155,5.166667,30,camera_front_wide_120fov,155,front_center/rgb/000155.png
front_center,156,5.200000,30,camera_front_wide_120fov,156,front_center/rgb/000156.png
front_center,157,5.233333,30,camera_front_wide_120fov,157,front_center/rgb/000157.png
front_center,158,5.266667,30,camera_front_wide_120fov,158,front_center/rgb/000158.png
front_center,159,5.300000,30,camera_front_wide_120fov,159,front_center/rgb/000159.png
front_center,160,5.333333,30,camera_front_wide_120fov,160,front_center/rgb/000160.png
front_center,161,5.366667,30,camera_front_wide_120fov,161,front_center/rgb/000161.png
front_center,162,5.400000,30,camera_front_wide_120fov,162,front_center/rgb/000162.png
front_center,163,5.433333,30,camera_front_wide_120fov,163,front_center/rgb/000163.png
front_center,164,5.466667,30,camera_front_wide_120fov,164,front_center/rgb/000164.png
front_center,165,5.500000,30,camera_front_wide_120fov,165,front_center/rgb/000165.png
front_center,166,5.533333,30,camera_front_wide_120fov,166,front_center/rgb/000166.png
front_center,167,5.566667,30,camera_front_wide_120fov,167,front_center/rgb/000167.png
front_center,168,5.600000,30,camera_front_wide_120fov,168,front_center/rgb/000168.png
front_center,169,5.633333,30,camera_front_wide_120fov,169,front_center/rgb/000169.png
front_center,170,5.666667,30,camera_front_wide_120fov,170,front_center/rgb/000170.png
front_center,171,5.700000,30,camera_front_wide_120fov,171,front_center/rgb/000171.png
front_center,172,5.733333,30,camera_front_wide_120fov,172,front_center/rgb/000172.png
front_center,173,5.766667,30,camera_front_wide_120fov,173,front_center/rgb/000173.png
front_center,174,5.800000,30,camera_front_wide_120fov,174,front_center/rgb/000174.png
front_center,175,5.833333,30,camera_front_wide_120fov,175,front_center/rgb/000175.png
front_center,176,5.866667,30,camera_front_wide_120fov,176,front_center/rgb/000176.png
front_center,177,5.900000,30,camera_front_wide_120fov,177,front_center/rgb/000177.png
front_center,178,5.933333,30,camera_front_wide_120fov,178,front_center/rgb/000178.png
front_center,179,5.966667,30,camera_front_wide_120fov,179,front_center/rgb/000179.png
front_center,180,6.000000,30,camera_front_wide_120fov,180,front_center/rgb/000180.png
front_center,181,6.033333,30,camera_front_wide_120fov,181,front_center/rgb/000181.png
front_center,182,6.066667,30,camera_front_wide_120fov,182,front_center/rgb/000182.png
front_center,183,6.100000,30,camera_front_wide_120fov,183,front_center/rgb/000183.png
front_center,184,6.133333,30,camera_front_wide_120fov,184,front_center/rgb/000184.png
front_center,185,6.166667,30,camera_front_wide_120fov,185,front_center/rgb/000185.png
front_center,186,6.200000,30,camera_front_wide_120fov,186,front_center/rgb/000186.png
front_center,187,6.233333,30,camera_front_wide_120fov,187,front_center/rgb/000187.png
front_center,188,6.266667,30,camera_front_wide_120fov,188,front_center/rgb/000188.png
front_center,189,6.300000,30,camera_front_wide_120fov,189,front_center/rgb/000189.png
front_center,190,6.333333,30,camera_front_wide_120fov,190,front_center/rgb/000190.png
front_center,191,6.366667,30,camera_front_wide_120fov,191,front_center/rgb/000191.png
front_center,192,6.400000,30,camera_front_wide_120fov,192,front_center/rgb/000192.png
front_center,193,6.433333,30,camera_front_wide_120fov,193,front_center/rgb/000193.png
front_center,194,6.466667,30,camera_front_wide_120fov,194,front_center/rgb/000194.png
front_center,195,6.500000,30,camera_front_wide_120fov,195,front_center/rgb/000195.png
front_center,196,6.533333,30,camera_front_wide_120fov,196,front_center/rgb/000196.png
front_center,197,6.566667,30,camera_front_wide_120fov,197,front_center/rgb/000197.png
front_center,198,6.600000,30,camera_front_wide_120fov,198,front_center/rgb/000198.png
front_center,199,6.633333,30,camera_front_wide_120fov,199,front_center/rgb/000199.png
front_center,200,6.666667,30,camera_front_wide_120fov,200,front_center/rgb/000200.png
front_center,201,6.700000,30,camera_front_wide_120fov,201,front_center/rgb/000201.png
front_center,202,6.733333,30,camera_front_wide_120fov,202,front_center/rgb/000202.png
front_center,203,6.766667,30,camera_front_wide_120fov,203,front_center/rgb/000203.png
front_center,204,6.800000,30,camera_front_wide_120fov,204,front_center/rgb/000204.png
front_center,205,6.833333,30,camera_front_wide_120fov,205,front_center/rgb/000205.png
front_center,206,6.866667,30,camera_front_wide_120fov,206,front_center/rgb/000206.png
front_center,207,6.900000,30,camera_front_wide_120fov,207,front_center/rgb/000207.png
front_center,208,6.933333,30,camera_front_wide_120fov,208,front_center/rgb/000208.png
front_center,209,6.966667,30,camera_front_wide_120fov,209,front_center/rgb/000209.png
front_center,210,7.000000,30,camera_front_wide_120fov,210,front_center/rgb/000210.png
front_center,211,7.033333,30,camera_front_wide_120fov,211,front_center/rgb/000211.png
front_center,212,7.066667,30,camera_front_wide_120fov,212,front_center/rgb/000212.png
front_center,213,7.100000,30,camera_front_wide_120fov,213,front_center/rgb/000213.png
front_center,214,7.133333,30,camera_front_wide_120fov,214,front_center/rgb/000214.png
front_center,215,7.166667,30,camera_front_wide_120fov,215,front_center/rgb/000215.png
front_center,216,7.200000,30,camera_front_wide_120fov,216,front_center/rgb/000216.png
front_center,217,7.233333,30,camera_front_wide_120fov,217,front_center/rgb/000217.png
front_center,218,7.266667,30,camera_front_wide_120fov,218,front_center/rgb/000218.png
front_center,219,7.300000,30,camera_front_wide_120fov,219,front_center/rgb/000219.png
front_center,220,7.333333,30,camera_front_wide_120fov,220,front_center/rgb/000220.png
front_center,221,7.366667,30,camera_front_wide_120fov,221,front_center/rgb/000221.png
front_center,222,7.400000,30,camera_front_wide_120fov,222,front_center/rgb/000222.png
front_center,223,7.433333,30,camera_front_wide_120fov,223,front_center/rgb/000223.png
front_center,224,7.466667,30,camera_front_wide_120fov,224,front_center/rgb/000224.png
front_center,225,7.500000,30,camera_front_wide_120fov,225,front_center/rgb/000225.png
front_center,226,7.533333,30,camera_front_wide_120fov,226,front_center/rgb/000226.png
front_center,227,7.566667,30,camera_front_wide_120fov,227,front_center/rgb/000227.png
front_center,228,7.600000,30,camera_front_wide_120fov,228,front_center/rgb/000228.png
front_center,229,7.633333,30,camera_front_wide_120fov,229,front_center/rgb/000229.png
front_center,230,7.666667,30,camera_front_wide_120fov,230,front_center/rgb/000230.png
front_center,231,7.700000,30,camera_front_wide_120fov,231,front_center/rgb/000231.png
front_center,232,7.733333,30,camera_front_wide_120fov,232,front_center/rgb/000232.png
front_center,233,7.766667,30,camera_front_wide_120fov,233,front_center/rgb/000233.png
front_center,234,7.800000,30,camera_front_wide_120fov,234,front_center/rgb/000234.png
front_center,235,7.833333,30,camera_front_wide_120fov,235,front_center/rgb/000235.png
front_center,236,7.866667,30,camera_front_wide_120fov,236,front_center/rgb/000236.png
front_center,237,7.900000,30,camera_front_wide_120fov,237,front_center/rgb/000237.png
front_center,238,7.933333,30,camera_front_wide_120fov,238,front_center/rgb/000238.png
front_center,239,7.966667,30,camera_front_wide_120fov,239,front_center/rgb/000239.png
front_center,240,8.000000,30,camera_front_wide_120fov,240,front_center/rgb/000240.png
front_center,241,8.033333,30,camera_front_wide_120fov,241,front_center/rgb/000241.png
front_center,242,8.066667,30,camera_front_wide_120fov,242,front_center/rgb/000242.png
front_center,243,8.100000,30,camera_front_wide_120fov,243,front_center/rgb/000243.png
front_center,244,8.133333,30,camera_front_wide_120fov,244,front_center/rgb/000244.png
front_center,245,8.166667,30,camera_front_wide_120fov,245,front_center/rgb/000245.png
front_center,246,8.200000,30,camera_front_wide_120fov,246,front_center/rgb/000246.png
front_center,247,8.233333,30,camera_front_wide_120fov,247,front_center/rgb/000247.png
front_center,248,8.266667,30,camera_front_wide_120fov,248,front_center/rgb/000248.png
front_center,249,8.300000,30,camera_front_wide_120fov,249,front_center/rgb/000249.png
front_center,250,8.333333,30,camera_front_wide_120fov,250,front_center/rgb/000250.png
front_center,251,8.366667,30,camera_front_wide_120fov,251,front_center/rgb/000251.png
front_center,252,8.400000,30,camera_front_wide_120fov,252,front_center/rgb/000252.png
front_center,253,8.433333,30,camera_front_wide_120fov,253,front_center/rgb/000253.png
front_center,254,8.466667,30,camera_front_wide_120fov,254,front_center/rgb/000254.png
front_center,255,8.500000,30,camera_front_wide_120fov,255,front_center/rgb/000255.png
front_center,256,8.533333,30,camera_front_wide_120fov,256,front_center/rgb/000256.png
front_center,257,8.566667,30,camera_front_wide_120fov,257,front_center/rgb/000257.png
front_center,258,8.600000,30,camera_front_wide_120fov,258,front_center/rgb/000258.png
front_center,259,8.633333,30,camera_front_wide_120fov,259,front_center/rgb/000259.png
front_center,260,8.666667,30,camera_front_wide_120fov,260,front_center/rgb/000260.png
front_center,261,8.700000,30,camera_front_wide_120fov,261,front_center/rgb/000261.png
front_center,262,8.733333,30,camera_front_wide_120fov,262,front_center/rgb/000262.png
front_center,263,8.766667,30,camera_front_wide_120fov,263,front_center/rgb/000263.png
front_center,264,8.800000,30,camera_front_wide_120fov,264,front_center/rgb/000264.png
front_center,265,8.833333,30,camera_front_wide_120fov,265,front_center/rgb/000265.png
front_center,266,8.866667,30,camera_front_wide_120fov,266,front_center/rgb/000266.png
front_center,267,8.900000,30,camera_front_wide_120fov,267,front_center/rgb/000267.png
front_center,268,8.933333,30,camera_front_wide_120fov,268,front_center/rgb/000268.png
front_center,269,8.966667,30,camera_front_wide_120fov,269,front_center/rgb/000269.png
front_center,270,9.000000,30,camera_front_wide_120fov,270,front_center/rgb/000270.png
front_center,271,9.033333,30,camera_front_wide_120fov,271,front_center/rgb/000271.png
front_center,272,9.066667,30,camera_front_wide_120fov,272,front_center/rgb/000272.png
front_center,273,9.100000,30,camera_front_wide_120fov,273,front_center/rgb/000273.png
front_center,274,9.133333,30,camera_front_wide_120fov,274,front_center/rgb/000274.png
front_center,275,9.166667,30,camera_front_wide_120fov,275,front_center/rgb/000275.png
front_center,276,9.200000,30,camera_front_wide_120fov,276,front_center/rgb/000276.png
front_center,277,9.233333,30,camera_front_wide_120fov,277,front_center/rgb/000277.png
front_center,278,9.266667,30,camera_front_wide_120fov,278,front_center/rgb/000278.png
front_center,279,9.300000,30,camera_front_wide_120fov,279,front_center/rgb/000279.png
front_center,280,9.333333,30,camera_front_wide_120fov,280,front_center/rgb/000280.png
front_center,281,9.366667,30,camera_front_wide_120fov,281,front_center/rgb/000281.png
front_center,282,9.400000,30,camera_front_wide_120fov,282,front_center/rgb/000282.png
front_center,283,9.433333,30,camera_front_wide_120fov,283,front_center/rgb/000283.png
front_center,284,9.466667,30,camera_front_wide_120fov,284,front_center/rgb/000284.png
front_center,285,9.500000,30,camera_front_wide_120fov,285,front_center/rgb/000285.png
front_center,286,9.533333,30,camera_front_wide_120fov,286,front_center/rgb/000286.png
front_center,287,9.566667,30,camera_front_wide_120fov,287,front_center/rgb/000287.png
front_center,288,9.600000,30,camera_front_wide_120fov,288,front_center/rgb/000288.png
front_center,289,9.633333,30,camera_front_wide_120fov,289,front_center/rgb/000289.png
front_center,290,9.666667,30,camera_front_wide_120fov,290,front_center/rgb/000290.png
front_center,291,9.700000,30,camera_front_wide_120fov,291,front_center/rgb/000291.png
front_center,292,9.733333,30,camera_front_wide_120fov,292,front_center/rgb/000292.png
front_center,293,9.766667,30,camera_front_wide_120fov,293,front_center/rgb/000293.png
front_center,294,9.800000,30,camera_front_wide_120fov,294,front_center/rgb/000294.png
front_center,295,9.833333,30,camera_front_wide_120fov,295,front_center/rgb/000295.png
front_center,296,9.866667,30,camera_front_wide_120fov,296,front_center/rgb/000296.png
front_center,297,9.900000,30,camera_front_wide_120fov,297,front_center/rgb/000297.png
front_center,298,9.933333,30,camera_front_wide_120fov,298,front_center/rgb/000298.png
front_left,0,0.000000,30,camera_front_wide_120fov,0,front_left/rgb/000000.png
front_left,1,0.033333,30,camera_front_wide_120fov,1,front_left/rgb/000001.png
front_left,2,0.066667,30,camera_front_wide_120fov,2,front_left/rgb/000002.png
front_left,3,0.100000,30,camera_front_wide_120fov,3,front_left/rgb/000003.png
front_left,4,0.133333,30,camera_front_wide_120fov,4,front_left/rgb/000004.png
front_left,5,0.166667,30,camera_front_wide_120fov,5,front_left/rgb/000005.png
front_left,6,0.200000,30,camera_front_wide_120fov,6,front_left/rgb/000006.png
front_left,7,0.233333,30,camera_front_wide_120fov,7,front_left/rgb/000007.png
front_left,8,0.266667,30,camera_front_wide_120fov,8,front_left/rgb/000008.png
front_left,9,0.300000,30,camera_front_wide_120fov,9,front_left/rgb/000009.png
front_left,10,0.333333,30,camera_front_wide_120fov,10,front_left/rgb/000010.png
front_left,11,0.366667,30,camera_front_wide_120fov,11,front_left/rgb/000011.png
front_left,12,0.400000,30,camera_front_wide_120fov,12,front_left/rgb/000012.png
front_left,13,0.433333,30,camera_front_wide_120fov,13,front_left/rgb/000013.png
front_left,14,0.466667,30,camera_front_wide_120fov,14,front_left/rgb/000014.png
front_left,15,0.500000,30,camera_front_wide_120fov,15,front_left/rgb/000015.png
front_left,16,0.533333,30,camera_front_wide_120fov,16,front_left/rgb/000016.png
front_left,17,0.566667,30,camera_front_wide_120fov,17,front_left/rgb/000017.png
front_left,18,0.600000,30,camera_front_wide_120fov,18,front_left/rgb/000018.png
front_left,19,0.633333,30,camera_front_wide_120fov,19,front_left/rgb/000019.png
front_left,20,0.666667,30,camera_front_wide_120fov,20,front_left/rgb/000020.png
front_left,21,0.700000,30,camera_front_wide_120fov,21,front_left/rgb/000021.png
front_left,22,0.733333,30,camera_front_wide_120fov,22,front_left/rgb/000022.png
front_left,23,0.766667,30,camera_front_wide_120fov,23,front_left/rgb/000023.png
front_left,24,0.800000,30,camera_front_wide_120fov,24,front_left/rgb/000024.png
front_left,25,0.833333,30,camera_front_wide_120fov,25,front_left/rgb/000025.png
front_left,26,0.866667,30,camera_front_wide_120fov,26,front_left/rgb/000026.png
front_left,27,0.900000,30,camera_front_wide_120fov,27,front_left/rgb/000027.png
front_left,28,0.933333,30,camera_front_wide_120fov,28,front_left/rgb/000028.png
front_left,29,0.966667,30,camera_front_wide_120fov,29,front_left/rgb/000029.png
front_left,30,1.000000,30,camera_front_wide_120fov,30,front_left/rgb/000030.png
front_left,31,1.033333,30,camera_front_wide_120fov,31,front_left/rgb/000031.png
front_left,32,1.066667,30,camera_front_wide_120fov,32,front_left/rgb/000032.png
front_left,33,1.100000,30,camera_front_wide_120fov,33,front_left/rgb/000033.png
front_left,34,1.133333,30,camera_front_wide_120fov,34,front_left/rgb/000034.png
front_left,35,1.166667,30,camera_front_wide_120fov,35,front_left/rgb/000035.png
front_left,36,1.200000,30,camera_front_wide_120fov,36,front_left/rgb/000036.png
front_left,37,1.233333,30,camera_front_wide_120fov,37,front_left/rgb/000037.png
front_left,38,1.266667,30,camera_front_wide_120fov,38,front_left/rgb/000038.png
front_left,39,1.300000,30,camera_front_wide_120fov,39,front_left/rgb/000039.png
front_left,40,1.333333,30,camera_front_wide_120fov,40,front_left/rgb/000040.png
front_left,41,1.366667,30,camera_front_wide_120fov,41,front_left/rgb/000041.png
front_left,42,1.400000,30,camera_front_wide_120fov,42,front_left/rgb/000042.png
front_left,43,1.433333,30,camera_front_wide_120fov,43,front_left/rgb/000043.png
front_left,44,1.466667,30,camera_front_wide_120fov,44,front_left/rgb/000044.png
front_left,45,1.500000,30,camera_front_wide_120fov,45,front_left/rgb/000045.png
front_left,46,1.533333,30,camera_front_wide_120fov,46,front_left/rgb/000046.png
front_left,47,1.566667,30,camera_front_wide_120fov,47,front_left/rgb/000047.png
front_left,48,1.600000,30,camera_front_wide_120fov,48,front_left/rgb/000048.png
front_left,49,1.633333,30,camera_front_wide_120fov,49,front_left/rgb/000049.png
front_left,50,1.666667,30,camera_front_wide_120fov,50,front_left/rgb/000050.png
front_left,51,1.700000,30,camera_front_wide_120fov,51,front_left/rgb/000051.png
front_left,52,1.733333,30,camera_front_wide_120fov,52,front_left/rgb/000052.png
front_left,53,1.766667,30,camera_front_wide_120fov,53,front_left/rgb/000053.png
front_left,54,1.800000,30,camera_front_wide_120fov,54,front_left/rgb/000054.png
front_left,55,1.833333,30,camera_front_wide_120fov,55,front_left/rgb/000055.png
front_left,56,1.866667,30,camera_front_wide_120fov,56,front_left/rgb/000056.png
front_left,57,1.900000,30,camera_front_wide_120fov,57,front_left/rgb/000057.png
front_left,58,1.933333,30,camera_front_wide_120fov,58,front_left/rgb/000058.png
front_left,59,1.966667,30,camera_front_wide_120fov,59,front_left/rgb/000059.png
front_left,60,2.000000,30,camera_front_wide_120fov,60,front_left/rgb/000060.png
front_left,61,2.033333,30,camera_front_wide_120fov,61,front_left/rgb/000061.png
front_left,62,2.066667,30,camera_front_wide_120fov,62,front_left/rgb/000062.png
front_left,63,2.100000,30,camera_front_wide_120fov,63,front_left/rgb/000063.png
front_left,64,2.133333,30,camera_front_wide_120fov,64,front_left/rgb/000064.png
front_left,65,2.166667,30,camera_front_wide_120fov,65,front_left/rgb/000065.png
front_left,66,2.200000,30,camera_front_wide_120fov,66,front_left/rgb/000066.png
front_left,67,2.233333,30,camera_front_wide_120fov,67,front_left/rgb/000067.png
front_left,68,2.266667,30,camera_front_wide_120fov,68,front_left/rgb/000068.png
front_left,69,2.300000,30,camera_front_wide_120fov,69,front_left/rgb/000069.png
front_left,70,2.333333,30,camera_front_wide_120fov,70,front_left/rgb/000070.png
front_left,71,2.366667,30,camera_front_wide_120fov,71,front_left/rgb/000071.png
front_left,72,2.400000,30,camera_front_wide_120fov,72,front_left/rgb/000072.png
front_left,73,2.433333,30,camera_front_wide_120fov,73,front_left/rgb/000073.png
front_left,74,2.466667,30,camera_front_wide_120fov,74,front_left/rgb/000074.png
front_left,75,2.500000,30,camera_front_wide_120fov,75,front_left/rgb/000075.png
front_left,76,2.533333,30,camera_front_wide_120fov,76,front_left/rgb/000076.png
front_left,77,2.566667,30,camera_front_wide_120fov,77,front_left/rgb/000077.png
front_left,78,2.600000,30,camera_front_wide_120fov,78,front_left/rgb/000078.png
front_left,79,2.633333,30,camera_front_wide_120fov,79,front_left/rgb/000079.png
front_left,80,2.666667,30,camera_front_wide_120fov,80,front_left/rgb/000080.png
front_left,81,2.700000,30,camera_front_wide_120fov,81,front_left/rgb/000081.png
front_left,82,2.733333,30,camera_front_wide_120fov,82,front_left/rgb/000082.png
front_left,83,2.766667,30,camera_front_wide_120fov,83,front_left/rgb/000083.png
front_left,84,2.800000,30,camera_front_wide_120fov,84,front_left/rgb/000084.png
front_left,85,2.833333,30,camera_front_wide_120fov,85,front_left/rgb/000085.png
front_left,86,2.866667,30,camera_front_wide_120fov,86,front_left/rgb/000086.png
front_left,87,2.900000,30,camera_front_wide_120fov,87,front_left/rgb/000087.png
front_left,88,2.933333,30,camera_front_wide_120fov,88,front_left/rgb/000088.png
front_left,89,2.966667,30,camera_front_wide_120fov,89,front_left/rgb/000089.png
front_left,90,3.000000,30,camera_front_wide_120fov,90,front_left/rgb/000090.png
front_left,91,3.033333,30,camera_front_wide_120fov,91,front_left/rgb/000091.png
front_left,92,3.066667,30,camera_front_wide_120fov,92,front_left/rgb/000092.png
front_left,93,3.100000,30,camera_front_wide_120fov,93,front_left/rgb/000093.png
front_left,94,3.133333,30,camera_front_wide_120fov,94,front_left/rgb/000094.png
front_left,95,3.166667,30,camera_front_wide_120fov,95,front_left/rgb/000095.png
front_left,96,3.200000,30,camera_front_wide_120fov,96,front_left/rgb/000096.png
front_left,97,3.233333,30,camera_front_wide_120fov,97,front_left/rgb/000097.png
front_left,98,3.266667,30,camera_front_wide_120fov,98,front_left/rgb/000098.png
front_left,99,3.300000,30,camera_front_wide_120fov,99,front_left/rgb/000099.png
front_left,100,3.333333,30,camera_front_wide_120fov,100,front_left/rgb/000100.png
front_left,101,3.366667,30,camera_front_wide_120fov,101,front_left/rgb/000101.png
front_left,102,3.400000,30,camera_front_wide_120fov,102,front_left/rgb/000102.png
front_left,103,3.433333,30,camera_front_wide_120fov,103,front_left/rgb/000103.png
front_left,104,3.466667,30,camera_front_wide_120fov,104,front_left/rgb/000104.png
front_left,105,3.500000,30,camera_front_wide_120fov,105,front_left/rgb/000105.png
front_left,106,3.533333,30,camera_front_wide_120fov,106,front_left/rgb/000106.png
front_left,107,3.566667,30,camera_front_wide_120fov,107,front_left/rgb/000107.png
front_left,108,3.600000,30,camera_front_wide_120fov,108,front_left/rgb/000108.png
front_left,109,3.633333,30,camera_front_wide_120fov,109,front_left/rgb/000109.png
front_left,110,3.666667,30,camera_front_wide_120fov,110,front_left/rgb/000110.png
front_left,111,3.700000,30,camera_front_wide_120fov,111,front_left/rgb/000111.png
front_left,112,3.733333,30,camera_front_wide_120fov,112,front_left/rgb/000112.png
front_left,113,3.766667,30,camera_front_wide_120fov,113,front_left/rgb/000113.png
front_left,114,3.800000,30,camera_front_wide_120fov,114,front_left/rgb/000114.png
front_left,115,3.833333,30,camera_front_wide_120fov,115,front_left/rgb/000115.png
front_left,116,3.866667,30,camera_front_wide_120fov,116,front_left/rgb/000116.png
front_left,117,3.900000,30,camera_front_wide_120fov,117,front_left/rgb/000117.png
front_left,118,3.933333,30,camera_front_wide_120fov,118,front_left/rgb/000118.png
front_left,119,3.966667,30,camera_front_wide_120fov,119,front_left/rgb/000119.png
front_left,120,4.000000,30,camera_front_wide_120fov,120,front_left/rgb/000120.png
front_left,121,4.033333,30,camera_front_wide_120fov,121,front_left/rgb/000121.png
front_left,122,4.066667,30,camera_front_wide_120fov,122,front_left/rgb/000122.png
front_left,123,4.100000,30,camera_front_wide_120fov,123,front_left/rgb/000123.png
front_left,124,4.133333,30,camera_front_wide_120fov,124,front_left/rgb/000124.png
front_left,125,4.166667,30,camera_front_wide_120fov,125,front_left/rgb/000125.png
front_left,126,4.200000,30,camera_front_wide_120fov,126,front_left/rgb/000126.png
front_left,127,4.233333,30,camera_front_wide_120fov,127,front_left/rgb/000127.png
front_left,128,4.266667,30,camera_front_wide_120fov,128,front_left/rgb/000128.png
front_left,129,4.300000,30,camera_front_wide_120fov,129,front_left/rgb/000129.png
front_left,130,4.333333,30,camera_front_wide_120fov,130,front_left/rgb/000130.png
front_left,131,4.366667,30,camera_front_wide_120fov,131,front_left/rgb/000131.png
front_left,132,4.400000,30,camera_front_wide_120fov,132,front_left/rgb/000132.png
front_left,133,4.433333,30,camera_front_wide_120fov,133,front_left/rgb/000133.png
front_left,134,4.466667,30,camera_front_wide_120fov,134,front_left/rgb/000134.png
front_left,135,4.500000,30,camera_front_wide_120fov,135,front_left/rgb/000135.png
front_left,136,4.533333,30,camera_front_wide_120fov,136,front_left/rgb/000136.png
front_left,137,4.566667,30,camera_front_wide_120fov,137,front_left/rgb/000137.png
front_left,138,4.600000,30,camera_front_wide_120fov,138,front_left/rgb/000138.png
front_left,139,4.633333,30,camera_front_wide_120fov,139,front_left/rgb/000139.png
front_left,140,4.666667,30,camera_front_wide_120fov,140,front_left/rgb/000140.png
front_left,141,4.700000,30,camera_front_wide_120fov,141,front_left/rgb/000141.png
front_left,142,4.733333,30,camera_front_wide_120fov,142,front_left/rgb/000142.png
front_left,143,4.766667,30,camera_front_wide_120fov,143,front_left/rgb/000143.png
front_left,144,4.800000,30,camera_front_wide_120fov,144,front_left/rgb/000144.png
front_left,145,4.833333,30,camera_front_wide_120fov,145,front_left/rgb/000145.png
front_left,146,4.866667,30,camera_front_wide_120fov,146,front_left/rgb/000146.png
front_left,147,4.900000,30,camera_front_wide_120fov,147,front_left/rgb/000147.png
front_left,148,4.933333,30,camera_front_wide_120fov,148,front_left/rgb/000148.png
front_left,149,4.966667,30,camera_front_wide_120fov,149,front_left/rgb/000149.png
front_left,150,5.000000,30,camera_front_wide_120fov,150,front_left/rgb/000150.png
front_left,151,5.033333,30,camera_front_wide_120fov,151,front_left/rgb/000151.png
front_left,152,5.066667,30,camera_front_wide_120fov,152,front_left/rgb/000152.png
front_left,153,5.100000,30,camera_front_wide_120fov,153,front_left/rgb/000153.png
front_left,154,5.133333,30,camera_front_wide_120fov,154,front_left/rgb/000154.png
front_left,155,5.166667,30,camera_front_wide_120fov,155,front_left/rgb/000155.png
front_left,156,5.200000,30,camera_front_wide_120fov,156,front_left/rgb/000156.png
front_left,157,5.233333,30,camera_front_wide_120fov,157,front_left/rgb/000157.png
front_left,158,5.266667,30,camera_front_wide_120fov,158,front_left/rgb/000158.png
front_left,159,5.300000,30,camera_front_wide_120fov,159,front_left/rgb/000159.png
front_left,160,5.333333,30,camera_front_wide_120fov,160,front_left/rgb/000160.png
front_left,161,5.366667,30,camera_front_wide_120fov,161,front_left/rgb/000161.png
front_left,162,5.400000,30,camera_front_wide_120fov,162,front_left/rgb/000162.png
front_left,163,5.433333,30,camera_front_wide_120fov,163,front_left/rgb/000163.png
front_left,164,5.466667,30,camera_front_wide_120fov,164,front_left/rgb/000164.png
front_left,165,5.500000,30,camera_front_wide_120fov,165,front_left/rgb/000165.png
front_left,166,5.533333,30,camera_front_wide_120fov,166,front_left/rgb/000166.png
front_left,167,5.566667,30,camera_front_wide_120fov,167,front_left/rgb/000167.png
front_left,168,5.600000,30,camera_front_wide_120fov,168,front_left/rgb/000168.png
front_left,169,5.633333,30,camera_front_wide_120fov,169,front_left/rgb/000169.png
front_left,170,5.666667,30,camera_front_wide_120fov,170,front_left/rgb/000170.png
front_left,171,5.700000,30,camera_front_wide_120fov,171,front_left/rgb/000171.png
front_left,172,5.733333,30,camera_front_wide_120fov,172,front_left/rgb/000172.png
front_left,173,5.766667,30,camera_front_wide_120fov,173,front_left/rgb/000173.png
front_left,174,5.800000,30,camera_front_wide_120fov,174,front_left/rgb/000174.png
front_left,175,5.833333,30,camera_front_wide_120fov,175,front_left/rgb/000175.png
front_left,176,5.866667,30,camera_front_wide_120fov,176,front_left/rgb/000176.png
front_left,177,5.900000,30,camera_front_wide_120fov,177,front_left/rgb/000177.png
front_left,178,5.933333,30,camera_front_wide_120fov,178,front_left/rgb/000178.png
front_left,179,5.966667,30,camera_front_wide_120fov,179,front_left/rgb/000179.png
front_left,180,6.000000,30,camera_front_wide_120fov,180,front_left/rgb/000180.png
front_left,181,6.033333,30,camera_front_wide_120fov,181,front_left/rgb/000181.png
front_left,182,6.066667,30,camera_front_wide_120fov,182,front_left/rgb/000182.png
front_left,183,6.100000,30,camera_front_wide_120fov,183,front_left/rgb/000183.png
front_left,184,6.133333,30,camera_front_wide_120fov,184,front_left/rgb/000184.png
front_left,185,6.166667,30,camera_front_wide_120fov,185,front_left/rgb/000185.png
front_left,186,6.200000,30,camera_front_wide_120fov,186,front_left/rgb/000186.png
front_left,187,6.233333,30,camera_front_wide_120fov,187,front_left/rgb/000187.png
front_left,188,6.266667,30,camera_front_wide_120fov,188,front_left/rgb/000188.png
front_left,189,6.300000,30,camera_front_wide_120fov,189,front_left/rgb/000189.png
front_left,190,6.333333,30,camera_front_wide_120fov,190,front_left/rgb/000190.png
front_left,191,6.366667,30,camera_front_wide_120fov,191,front_left/rgb/000191.png
front_left,192,6.400000,30,camera_front_wide_120fov,192,front_left/rgb/000192.png
front_left,193,6.433333,30,camera_front_wide_120fov,193,front_left/rgb/000193.png
front_left,194,6.466667,30,camera_front_wide_120fov,194,front_left/rgb/000194.png
front_left,195,6.500000,30,camera_front_wide_120fov,195,front_left/rgb/000195.png
front_left,196,6.533333,30,camera_front_wide_120fov,196,front_left/rgb/000196.png
front_left,197,6.566667,30,camera_front_wide_120fov,197,front_left/rgb/000197.png
front_left,198,6.600000,30,camera_front_wide_120fov,198,front_left/rgb/000198.png
front_left,199,6.633333,30,camera_front_wide_120fov,199,front_left/rgb/000199.png
front_left,200,6.666667,30,camera_front_wide_120fov,200,front_left/rgb/000200.png
front_left,201,6.700000,30,camera_front_wide_120fov,201,front_left/rgb/000201.png
front_left,202,6.733333,30,camera_front_wide_120fov,202,front_left/rgb/000202.png
front_left,203,6.766667,30,camera_front_wide_120fov,203,front_left/rgb/000203.png
front_left,204,6.800000,30,camera_front_wide_120fov,204,front_left/rgb/000204.png
front_left,205,6.833333,30,camera_front_wide_120fov,205,front_left/rgb/000205.png
front_left,206,6.866667,30,camera_front_wide_120fov,206,front_left/rgb/000206.png
front_left,207,6.900000,30,camera_front_wide_120fov,207,front_left/rgb/000207.png
front_left,208,6.933333,30,camera_front_wide_120fov,208,front_left/rgb/000208.png
front_left,209,6.966667,30,camera_front_wide_120fov,209,front_left/rgb/000209.png
front_left,210,7.000000,30,camera_front_wide_120fov,210,front_left/rgb/000210.png
front_left,211,7.033333,30,camera_front_wide_120fov,211,front_left/rgb/000211.png
front_left,212,7.066667,30,camera_front_wide_120fov,212,front_left/rgb/000212.png
front_left,213,7.100000,30,camera_front_wide_120fov,213,front_left/rgb/000213.png
front_left,214,7.133333,30,camera_front_wide_120fov,214,front_left/rgb/000214.png
front_left,215,7.166667,30,camera_front_wide_120fov,215,front_left/rgb/000215.png
front_left,216,7.200000,30,camera_front_wide_120fov,216,front_left/rgb/000216.png
front_left,217,7.233333,30,camera_front_wide_120fov,217,front_left/rgb/000217.png
front_left,218,7.266667,30,camera_front_wide_120fov,218,front_left/rgb/000218.png
front_left,219,7.300000,30,camera_front_wide_120fov,219,front_left/rgb/000219.png
front_left,220,7.333333,30,camera_front_wide_120fov,220,front_left/rgb/000220.png
front_left,221,7.366667,30,camera_front_wide_120fov,221,front_left/rgb/000221.png
front_left,222,7.400000,30,camera_front_wide_120fov,222,front_left/rgb/000222.png
front_left,223,7.433333,30,camera_front_wide_120fov,223,front_left/rgb/000223.png
front_left,224,7.466667,30,camera_front_wide_120fov,224,front_left/rgb/000224.png
front_left,225,7.500000,30,camera_front_wide_120fov,225,front_left/rgb/000225.png
front_left,226,7.533333,30,camera_front_wide_120fov,226,front_left/rgb/000226.png
front_left,227,7.566667,30,camera_front_wide_120fov,227,front_left/rgb/000227.png
front_left,228,7.600000,30,camera_front_wide_120fov,228,front_left/rgb/000228.png
front_left,229,7.633333,30,camera_front_wide_120fov,229,front_left/rgb/000229.png
front_left,230,7.666667,30,camera_front_wide_120fov,230,front_left/rgb/000230.png
front_left,231,7.700000,30,camera_front_wide_120fov,231,front_left/rgb/000231.png
front_left,232,7.733333,30,camera_front_wide_120fov,232,front_left/rgb/000232.png
front_left,233,7.766667,30,camera_front_wide_120fov,233,front_left/rgb/000233.png
front_left,234,7.800000,30,camera_front_wide_120fov,234,front_left/rgb/000234.png
front_left,235,7.833333,30,camera_front_wide_120fov,235,front_left/rgb/000235.png
front_left,236,7.866667,30,camera_front_wide_120fov,236,front_left/rgb/000236.png
front_left,237,7.900000,30,camera_front_wide_120fov,237,front_left/rgb/000237.png
front_left,238,7.933333,30,camera_front_wide_120fov,238,front_left/rgb/000238.png
front_left,239,7.966667,30,camera_front_wide_120fov,239,front_left/rgb/000239.png
front_left,240,8.000000,30,camera_front_wide_120fov,240,front_left/rgb/000240.png
front_left,241,8.033333,30,camera_front_wide_120fov,241,front_left/rgb/000241.png
front_left,242,8.066667,30,camera_front_wide_120fov,242,front_left/rgb/000242.png
front_left,243,8.100000,30,camera_front_wide_120fov,243,front_left/rgb/000243.png
front_left,244,8.133333,30,camera_front_wide_120fov,244,front_left/rgb/000244.png
front_left,245,8.166667,30,camera_front_wide_120fov,245,front_left/rgb/000245.png
front_left,246,8.200000,30,camera_front_wide_120fov,246,front_left/rgb/000246.png
front_left,247,8.233333,30,camera_front_wide_120fov,247,front_left/rgb/000247.png
front_left,248,8.266667,30,camera_front_wide_120fov,248,front_left/rgb/000248.png
front_left,249,8.300000,30,camera_front_wide_120fov,249,front_left/rgb/000249.png
front_left,250,8.333333,30,camera_front_wide_120fov,250,front_left/rgb/000250.png
front_left,251,8.366667,30,camera_front_wide_120fov,251,front_left/rgb/000251.png
front_left,252,8.400000,30,camera_front_wide_120fov,252,front_left/rgb/000252.png
front_left,253,8.433333,30,camera_front_wide_120fov,253,front_left/rgb/000253.png
front_left,254,8.466667,30,camera_front_wide_120fov,254,front_left/rgb/000254.png
front_left,255,8.500000,30,camera_front_wide_120fov,255,front_left/rgb/000255.png
front_left,256,8.533333,30,camera_front_wide_120fov,256,front_left/rgb/000256.png
front_left,257,8.566667,30,camera_front_wide_120fov,257,front_left/rgb/000257.png
front_left,258,8.600000,30,camera_front_wide_120fov,258,front_left/rgb/000258.png
front_left,259,8.633333,30,camera_front_wide_120fov,259,front_left/rgb/000259.png
front_left,260,8.666667,30,camera_front_wide_120fov,260,front_left/rgb/000260.png
front_left,261,8.700000,30,camera_front_wide_120fov,261,front_left/rgb/000261.png
front_left,262,8.733333,30,camera_front_wide_120fov,262,front_left/rgb/000262.png
front_left,263,8.766667,30,camera_front_wide_120fov,263,front_left/rgb/000263.png
front_left,264,8.800000,30,camera_front_wide_120fov,264,front_left/rgb/000264.png
front_left,265,8.833333,30,camera_front_wide_120fov,265,front_left/rgb/000265.png
front_left,266,8.866667,30,camera_front_wide_120fov,266,front_left/rgb/000266.png
front_left,267,8.900000,30,camera_front_wide_120fov,267,front_left/rgb/000267.png
front_left,268,8.933333,30,camera_front_wide_120fov,268,front_left/rgb/000268.png
front_left,269,8.966667,30,camera_front_wide_120fov,269,front_left/rgb/000269.png
front_left,270,9.000000,30,camera_front_wide_120fov,270,front_left/rgb/000270.png
front_left,271,9.033333,30,camera_front_wide_120fov,271,front_left/rgb/000271.png
front_left,272,9.066667,30,camera_front_wide_120fov,272,front_left/rgb/000272.png
front_left,273,9.100000,30,camera_front_wide_120fov,273,front_left/rgb/000273.png
front_left,274,9.133333,30,camera_front_wide_120fov,274,front_left/rgb/000274.png
front_left,275,9.166667,30,camera_front_wide_120fov,275,front_left/rgb/000275.png
front_left,276,9.200000,30,camera_front_wide_120fov,276,front_left/rgb/000276.png
front_left,277,9.233333,30,camera_front_wide_120fov,277,front_left/rgb/000277.png
front_left,278,9.266667,30,camera_front_wide_120fov,278,front_left/rgb/000278.png
front_left,279,9.300000,30,camera_front_wide_120fov,279,front_left/rgb/000279.png
front_left,280,9.333333,30,camera_front_wide_120fov,280,front_left/rgb/000280.png
front_left,281,9.366667,30,camera_front_wide_120fov,281,front_left/rgb/000281.png
front_left,282,9.400000,30,camera_front_wide_120fov,282,front_left/rgb/000282.png
front_left,283,9.433333,30,camera_front_wide_120fov,283,front_left/rgb/000283.png
front_left,284,9.466667,30,camera_front_wide_120fov,284,front_left/rgb/000284.png
front_left,285,9.500000,30,camera_front_wide_120fov,285,front_left/rgb/000285.png
front_left,286,9.533333,30,camera_front_wide_120fov,286,front_left/rgb/000286.png
front_left,287,9.566667,30,camera_front_wide_120fov,287,front_left/rgb/000287.png
front_left,288,9.600000,30,camera_front_wide_120fov,288,front_left/rgb/000288.png
front_left,289,9.633333,30,camera_front_wide_120fov,289,front_left/rgb/000289.png
front_left,290,9.666667,30,camera_front_wide_120fov,290,front_left/rgb/000290.png
front_left,291,9.700000,30,camera_front_wide_120fov,291,front_left/rgb/000291.png
front_left,292,9.733333,30,camera_front_wide_120fov,292,front_left/rgb/000292.png
front_left,293,9.766667,30,camera_front_wide_120fov,293,front_left/rgb/000293.png
front_left,294,9.800000,30,camera_front_wide_120fov,294,front_left/rgb/000294.png
front_left,295,9.833333,30,camera_front_wide_120fov,295,front_left/rgb/000295.png
front_left,296,9.866667,30,camera_front_wide_120fov,296,front_left/rgb/000296.png
front_left,297,9.900000,30,camera_front_wide_120fov,297,front_left/rgb/000297.png
front_left,298,9.933333,30,camera_front_wide_120fov,298,front_left/rgb/000298.png
front_right,0,0.000000,30,camera_front_wide_120fov,0,front_right/rgb/000000.png
front_right,1,0.033333,30,camera_front_wide_120fov,1,front_right/rgb/000001.png
front_right,2,0.066667,30,camera_front_wide_120fov,2,front_right/rgb/000002.png
front_right,3,0.100000,30,camera_front_wide_120fov,3,front_right/rgb/000003.png
front_right,4,0.133333,30,camera_front_wide_120fov,4,front_right/rgb/000004.png
front_right,5,0.166667,30,camera_front_wide_120fov,5,front_right/rgb/000005.png
front_right,6,0.200000,30,camera_front_wide_120fov,6,front_right/rgb/000006.png
front_right,7,0.233333,30,camera_front_wide_120fov,7,front_right/rgb/000007.png
front_right,8,0.266667,30,camera_front_wide_120fov,8,front_right/rgb/000008.png
front_right,9,0.300000,30,camera_front_wide_120fov,9,front_right/rgb/000009.png
front_right,10,0.333333,30,camera_front_wide_120fov,10,front_right/rgb/000010.png
front_right,11,0.366667,30,camera_front_wide_120fov,11,front_right/rgb/000011.png
front_right,12,0.400000,30,camera_front_wide_120fov,12,front_right/rgb/000012.png
front_right,13,0.433333,30,camera_front_wide_120fov,13,front_right/rgb/000013.png
front_right,14,0.466667,30,camera_front_wide_120fov,14,front_right/rgb/000014.png
front_right,15,0.500000,30,camera_front_wide_120fov,15,front_right/rgb/000015.png
front_right,16,0.533333,30,camera_front_wide_120fov,16,front_right/rgb/000016.png
front_right,17,0.566667,30,camera_front_wide_120fov,17,front_right/rgb/000017.png
front_right,18,0.600000,30,camera_front_wide_120fov,18,front_right/rgb/000018.png
front_right,19,0.633333,30,camera_front_wide_120fov,19,front_right/rgb/000019.png
front_right,20,0.666667,30,camera_front_wide_120fov,20,front_right/rgb/000020.png
front_right,21,0.700000,30,camera_front_wide_120fov,21,front_right/rgb/000021.png
front_right,22,0.733333,30,camera_front_wide_120fov,22,front_right/rgb/000022.png
front_right,23,0.766667,30,camera_front_wide_120fov,23,front_right/rgb/000023.png
front_right,24,0.800000,30,camera_front_wide_120fov,24,front_right/rgb/000024.png
front_right,25,0.833333,30,camera_front_wide_120fov,25,front_right/rgb/000025.png
front_right,26,0.866667,30,camera_front_wide_120fov,26,front_right/rgb/000026.png
front_right,27,0.900000,30,camera_front_wide_120fov,27,front_right/rgb/000027.png
front_right,28,0.933333,30,camera_front_wide_120fov,28,front_right/rgb/000028.png
front_right,29,0.966667,30,camera_front_wide_120fov,29,front_right/rgb/000029.png
front_right,30,1.000000,30,camera_front_wide_120fov,30,front_right/rgb/000030.png
front_right,31,1.033333,30,camera_front_wide_120fov,31,front_right/rgb/000031.png
front_right,32,1.066667,30,camera_front_wide_120fov,32,front_right/rgb/000032.png
front_right,33,1.100000,30,camera_front_wide_120fov,33,front_right/rgb/000033.png
front_right,34,1.133333,30,camera_front_wide_120fov,34,front_right/rgb/000034.png
front_right,35,1.166667,30,camera_front_wide_120fov,35,front_right/rgb/000035.png
front_right,36,1.200000,30,camera_front_wide_120fov,36,front_right/rgb/000036.png
front_right,37,1.233333,30,camera_front_wide_120fov,37,front_right/rgb/000037.png
front_right,38,1.266667,30,camera_front_wide_120fov,38,front_right/rgb/000038.png
front_right,39,1.300000,30,camera_front_wide_120fov,39,front_right/rgb/000039.png
front_right,40,1.333333,30,camera_front_wide_120fov,40,front_right/rgb/000040.png
front_right,41,1.366667,30,camera_front_wide_120fov,41,front_right/rgb/000041.png
front_right,42,1.400000,30,camera_front_wide_120fov,42,front_right/rgb/000042.png
front_right,43,1.433333,30,camera_front_wide_120fov,43,front_right/rgb/000043.png
front_right,44,1.466667,30,camera_front_wide_120fov,44,front_right/rgb/000044.png
front_right,45,1.500000,30,camera_front_wide_120fov,45,front_right/rgb/000045.png
front_right,46,1.533333,30,camera_front_wide_120fov,46,front_right/rgb/000046.png
front_right,47,1.566667,30,camera_front_wide_120fov,47,front_right/rgb/000047.png
front_right,48,1.600000,30,camera_front_wide_120fov,48,front_right/rgb/000048.png
front_right,49,1.633333,30,camera_front_wide_120fov,49,front_right/rgb/000049.png
front_right,50,1.666667,30,camera_front_wide_120fov,50,front_right/rgb/000050.png
front_right,51,1.700000,30,camera_front_wide_120fov,51,front_right/rgb/000051.png
front_right,52,1.733333,30,camera_front_wide_120fov,52,front_right/rgb/000052.png
front_right,53,1.766667,30,camera_front_wide_120fov,53,front_right/rgb/000053.png
front_right,54,1.800000,30,camera_front_wide_120fov,54,front_right/rgb/000054.png
front_right,55,1.833333,30,camera_front_wide_120fov,55,front_right/rgb/000055.png
front_right,56,1.866667,30,camera_front_wide_120fov,56,front_right/rgb/000056.png
front_right,57,1.900000,30,camera_front_wide_120fov,57,front_right/rgb/000057.png
front_right,58,1.933333,30,camera_front_wide_120fov,58,front_right/rgb/000058.png
front_right,59,1.966667,30,camera_front_wide_120fov,59,front_right/rgb/000059.png
front_right,60,2.000000,30,camera_front_wide_120fov,60,front_right/rgb/000060.png
front_right,61,2.033333,30,camera_front_wide_120fov,61,front_right/rgb/000061.png
front_right,62,2.066667,30,camera_front_wide_120fov,62,front_right/rgb/000062.png
front_right,63,2.100000,30,camera_front_wide_120fov,63,front_right/rgb/000063.png
front_right,64,2.133333,30,camera_front_wide_120fov,64,front_right/rgb/000064.png
front_right,65,2.166667,30,camera_front_wide_120fov,65,front_right/rgb/000065.png
front_right,66,2.200000,30,camera_front_wide_120fov,66,front_right/rgb/000066.png
front_right,67,2.233333,30,camera_front_wide_120fov,67,front_right/rgb/000067.png
front_right,68,2.266667,30,camera_front_wide_120fov,68,front_right/rgb/000068.png
front_right,69,2.300000,30,camera_front_wide_120fov,69,front_right/rgb/000069.png
front_right,70,2.333333,30,camera_front_wide_120fov,70,front_right/rgb/000070.png
front_right,71,2.366667,30,camera_front_wide_120fov,71,front_right/rgb/000071.png
front_right,72,2.400000,30,camera_front_wide_120fov,72,front_right/rgb/000072.png
front_right,73,2.433333,30,camera_front_wide_120fov,73,front_right/rgb/000073.png
front_right,74,2.466667,30,camera_front_wide_120fov,74,front_right/rgb/000074.png
front_right,75,2.500000,30,camera_front_wide_120fov,75,front_right/rgb/000075.png
front_right,76,2.533333,30,camera_front_wide_120fov,76,front_right/rgb/000076.png
front_right,77,2.566667,30,camera_front_wide_120fov,77,front_right/rgb/000077.png
front_right,78,2.600000,30,camera_front_wide_120fov,78,front_right/rgb/000078.png
front_right,79,2.633333,30,camera_front_wide_120fov,79,front_right/rgb/000079.png
front_right,80,2.666667,30,camera_front_wide_120fov,80,front_right/rgb/000080.png
front_right,81,2.700000,30,camera_front_wide_120fov,81,front_right/rgb/000081.png
front_right,82,2.733333,30,camera_front_wide_120fov,82,front_right/rgb/000082.png
front_right,83,2.766667,30,camera_front_wide_120fov,83,front_right/rgb/000083.png
front_right,84,2.800000,30,camera_front_wide_120fov,84,front_right/rgb/000084.png
front_right,85,2.833333,30,camera_front_wide_120fov,85,front_right/rgb/000085.png
front_right,86,2.866667,30,camera_front_wide_120fov,86,front_right/rgb/000086.png
front_right,87,2.900000,30,camera_front_wide_120fov,87,front_right/rgb/000087.png
front_right,88,2.933333,30,camera_front_wide_120fov,88,front_right/rgb/000088.png
front_right,89,2.966667,30,camera_front_wide_120fov,89,front_right/rgb/000089.png
front_right,90,3.000000,30,camera_front_wide_120fov,90,front_right/rgb/000090.png
front_right,91,3.033333,30,camera_front_wide_120fov,91,front_right/rgb/000091.png
front_right,92,3.066667,30,camera_front_wide_120fov,92,front_right/rgb/000092.png
front_right,93,3.100000,30,camera_front_wide_120fov,93,front_right/rgb/000093.png
front_right,94,3.133333,30,camera_front_wide_120fov,94,front_right/rgb/000094.png
front_right,95,3.166667,30,camera_front_wide_120fov,95,front_right/rgb/000095.png
front_right,96,3.200000,30,camera_front_wide_120fov,96,front_right/rgb/000096.png
front_right,97,3.233333,30,camera_front_wide_120fov,97,front_right/rgb/000097.png
front_right,98,3.266667,30,camera_front_wide_120fov,98,front_right/rgb/000098.png
front_right,99,3.300000,30,camera_front_wide_120fov,99,front_right/rgb/000099.png
front_right,100,3.333333,30,camera_front_wide_120fov,100,front_right/rgb/000100.png
front_right,101,3.366667,30,camera_front_wide_120fov,101,front_right/rgb/000101.png
front_right,102,3.400000,30,camera_front_wide_120fov,102,front_right/rgb/000102.png
front_right,103,3.433333,30,camera_front_wide_120fov,103,front_right/rgb/000103.png
front_right,104,3.466667,30,camera_front_wide_120fov,104,front_right/rgb/000104.png
front_right,105,3.500000,30,camera_front_wide_120fov,105,front_right/rgb/000105.png
front_right,106,3.533333,30,camera_front_wide_120fov,106,front_right/rgb/000106.png
front_right,107,3.566667,30,camera_front_wide_120fov,107,front_right/rgb/000107.png
front_right,108,3.600000,30,camera_front_wide_120fov,108,front_right/rgb/000108.png
front_right,109,3.633333,30,camera_front_wide_120fov,109,front_right/rgb/000109.png
front_right,110,3.666667,30,camera_front_wide_120fov,110,front_right/rgb/000110.png
front_right,111,3.700000,30,camera_front_wide_120fov,111,front_right/rgb/000111.png
front_right,112,3.733333,30,camera_front_wide_120fov,112,front_right/rgb/000112.png
front_right,113,3.766667,30,camera_front_wide_120fov,113,front_right/rgb/000113.png
front_right,114,3.800000,30,camera_front_wide_120fov,114,front_right/rgb/000114.png
front_right,115,3.833333,30,camera_front_wide_120fov,115,front_right/rgb/000115.png
front_right,116,3.866667,30,camera_front_wide_120fov,116,front_right/rgb/000116.png
front_right,117,3.900000,30,camera_front_wide_120fov,117,front_right/rgb/000117.png
front_right,118,3.933333,30,camera_front_wide_120fov,118,front_right/rgb/000118.png
front_right,119,3.966667,30,camera_front_wide_120fov,119,front_right/rgb/000119.png
front_right,120,4.000000,30,camera_front_wide_120fov,120,front_right/rgb/000120.png
front_right,121,4.033333,30,camera_front_wide_120fov,121,front_right/rgb/000121.png
front_right,122,4.066667,30,camera_front_wide_120fov,122,front_right/rgb/000122.png
front_right,123,4.100000,30,camera_front_wide_120fov,123,front_right/rgb/000123.png
front_right,124,4.133333,30,camera_front_wide_120fov,124,front_right/rgb/000124.png
front_right,125,4.166667,30,camera_front_wide_120fov,125,front_right/rgb/000125.png
front_right,126,4.200000,30,camera_front_wide_120fov,126,front_right/rgb/000126.png
front_right,127,4.233333,30,camera_front_wide_120fov,127,front_right/rgb/000127.png
front_right,128,4.266667,30,camera_front_wide_120fov,128,front_right/rgb/000128.png
front_right,129,4.300000,30,camera_front_wide_120fov,129,front_right/rgb/000129.png
front_right,130,4.333333,30,camera_front_wide_120fov,130,front_right/rgb/000130.png
front_right,131,4.366667,30,camera_front_wide_120fov,131,front_right/rgb/000131.png
front_right,132,4.400000,30,camera_front_wide_120fov,132,front_right/rgb/000132.png
front_right,133,4.433333,30,camera_front_wide_120fov,133,front_right/rgb/000133.png
front_right,134,4.466667,30,camera_front_wide_120fov,134,front_right/rgb/000134.png
front_right,135,4.500000,30,camera_front_wide_120fov,135,front_right/rgb/000135.png
front_right,136,4.533333,30,camera_front_wide_120fov,136,front_right/rgb/000136.png
front_right,137,4.566667,30,camera_front_wide_120fov,137,front_right/rgb/000137.png
front_right,138,4.600000,30,camera_front_wide_120fov,138,front_right/rgb/000138.png
front_right,139,4.633333,30,camera_front_wide_120fov,139,front_right/rgb/000139.png
front_right,140,4.666667,30,camera_front_wide_120fov,140,front_right/rgb/000140.png
front_right,141,4.700000,30,camera_front_wide_120fov,141,front_right/rgb/000141.png
front_right,142,4.733333,30,camera_front_wide_120fov,142,front_right/rgb/000142.png
front_right,143,4.766667,30,camera_front_wide_120fov,143,front_right/rgb/000143.png
front_right,144,4.800000,30,camera_front_wide_120fov,144,front_right/rgb/000144.png
front_right,145,4.833333,30,camera_front_wide_120fov,145,front_right/rgb/000145.png
front_right,146,4.866667,30,camera_front_wide_120fov,146,front_right/rgb/000146.png
front_right,147,4.900000,30,camera_front_wide_120fov,147,front_right/rgb/000147.png
front_right,148,4.933333,30,camera_front_wide_120fov,148,front_right/rgb/000148.png
front_right,149,4.966667,30,camera_front_wide_120fov,149,front_right/rgb/000149.png
front_right,150,5.000000,30,camera_front_wide_120fov,150,front_right/rgb/000150.png
front_right,151,5.033333,30,camera_front_wide_120fov,151,front_right/rgb/000151.png
front_right,152,5.066667,30,camera_front_wide_120fov,152,front_right/rgb/000152.png
front_right,153,5.100000,30,camera_front_wide_120fov,153,front_right/rgb/000153.png
front_right,154,5.133333,30,camera_front_wide_120fov,154,front_right/rgb/000154.png
front_right,155,5.166667,30,camera_front_wide_120fov,155,front_right/rgb/000155.png
front_right,156,5.200000,30,camera_front_wide_120fov,156,front_right/rgb/000156.png
front_right,157,5.233333,30,camera_front_wide_120fov,157,front_right/rgb/000157.png
front_right,158,5.266667,30,camera_front_wide_120fov,158,front_right/rgb/000158.png
front_right,159,5.300000,30,camera_front_wide_120fov,159,front_right/rgb/000159.png
front_right,160,5.333333,30,camera_front_wide_120fov,160,front_right/rgb/000160.png
front_right,161,5.366667,30,camera_front_wide_120fov,161,front_right/rgb/000161.png
front_right,162,5.400000,30,camera_front_wide_120fov,162,front_right/rgb/000162.png
front_right,163,5.433333,30,camera_front_wide_120fov,163,front_right/rgb/000163.png
front_right,164,5.466667,30,camera_front_wide_120fov,164,front_right/rgb/000164.png
front_right,165,5.500000,30,camera_front_wide_120fov,165,front_right/rgb/000165.png
front_right,166,5.533333,30,camera_front_wide_120fov,166,front_right/rgb/000166.png
front_right,167,5.566667,30,camera_front_wide_120fov,167,front_right/rgb/000167.png
front_right,168,5.600000,30,camera_front_wide_120fov,168,front_right/rgb/000168.png
front_right,169,5.633333,30,camera_front_wide_120fov,169,front_right/rgb/000169.png
front_right,170,5.666667,30,camera_front_wide_120fov,170,front_right/rgb/000170.png
front_right,171,5.700000,30,camera_front_wide_120fov,171,front_right/rgb/000171.png
front_right,172,5.733333,30,camera_front_wide_120fov,172,front_right/rgb/000172.png
front_right,173,5.766667,30,camera_front_wide_120fov,173,front_right/rgb/000173.png
front_right,174,5.800000,30,camera_front_wide_120fov,174,front_right/rgb/000174.png
front_right,175,5.833333,30,camera_front_wide_120fov,175,front_right/rgb/000175.png
front_right,176,5.866667,30,camera_front_wide_120fov,176,front_right/rgb/000176.png
front_right,177,5.900000,30,camera_front_wide_120fov,177,front_right/rgb/000177.png
front_right,178,5.933333,30,camera_front_wide_120fov,178,front_right/rgb/000178.png
front_right,179,5.966667,30,camera_front_wide_120fov,179,front_right/rgb/000179.png
front_right,180,6.000000,30,camera_front_wide_120fov,180,front_right/rgb/000180.png
front_right,181,6.033333,30,camera_front_wide_120fov,181,front_right/rgb/000181.png
front_right,182,6.066667,30,camera_front_wide_120fov,182,front_right/rgb/000182.png
front_right,183,6.100000,30,camera_front_wide_120fov,183,front_right/rgb/000183.png
front_right,184,6.133333,30,camera_front_wide_120fov,184,front_right/rgb/000184.png
front_right,185,6.166667,30,camera_front_wide_120fov,185,front_right/rgb/000185.png
front_right,186,6.200000,30,camera_front_wide_120fov,186,front_right/rgb/000186.png
front_right,187,6.233333,30,camera_front_wide_120fov,187,front_right/rgb/000187.png
front_right,188,6.266667,30,camera_front_wide_120fov,188,front_right/rgb/000188.png
front_right,189,6.300000,30,camera_front_wide_120fov,189,front_right/rgb/000189.png
front_right,190,6.333333,30,camera_front_wide_120fov,190,front_right/rgb/000190.png
front_right,191,6.366667,30,camera_front_wide_120fov,191,front_right/rgb/000191.png
front_right,192,6.400000,30,camera_front_wide_120fov,192,front_right/rgb/000192.png
front_right,193,6.433333,30,camera_front_wide_120fov,193,front_right/rgb/000193.png
front_right,194,6.466667,30,camera_front_wide_120fov,194,front_right/rgb/000194.png
front_right,195,6.500000,30,camera_front_wide_120fov,195,front_right/rgb/000195.png
front_right,196,6.533333,30,camera_front_wide_120fov,196,front_right/rgb/000196.png
front_right,197,6.566667,30,camera_front_wide_120fov,197,front_right/rgb/000197.png
front_right,198,6.600000,30,camera_front_wide_120fov,198,front_right/rgb/000198.png
front_right,199,6.633333,30,camera_front_wide_120fov,199,front_right/rgb/000199.png
front_right,200,6.666667,30,camera_front_wide_120fov,200,front_right/rgb/000200.png
front_right,201,6.700000,30,camera_front_wide_120fov,201,front_right/rgb/000201.png
front_right,202,6.733333,30,camera_front_wide_120fov,202,front_right/rgb/000202.png
front_right,203,6.766667,30,camera_front_wide_120fov,203,front_right/rgb/000203.png
front_right,204,6.800000,30,camera_front_wide_120fov,204,front_right/rgb/000204.png
front_right,205,6.833333,30,camera_front_wide_120fov,205,front_right/rgb/000205.png
front_right,206,6.866667,30,camera_front_wide_120fov,206,front_right/rgb/000206.png
front_right,207,6.900000,30,camera_front_wide_120fov,207,front_right/rgb/000207.png
front_right,208,6.933333,30,camera_front_wide_120fov,208,front_right/rgb/000208.png
front_right,209,6.966667,30,camera_front_wide_120fov,209,front_right/rgb/000209.png
front_right,210,7.000000,30,camera_front_wide_120fov,210,front_right/rgb/000210.png
front_right,211,7.033333,30,camera_front_wide_120fov,211,front_right/rgb/000211.png
front_right,212,7.066667,30,camera_front_wide_120fov,212,front_right/rgb/000212.png
front_right,213,7.100000,30,camera_front_wide_120fov,213,front_right/rgb/000213.png
front_right,214,7.133333,30,camera_front_wide_120fov,214,front_right/rgb/000214.png
front_right,215,7.166667,30,camera_front_wide_120fov,215,front_right/rgb/000215.png
front_right,216,7.200000,30,camera_front_wide_120fov,216,front_right/rgb/000216.png
front_right,217,7.233333,30,camera_front_wide_120fov,217,front_right/rgb/000217.png
front_right,218,7.266667,30,camera_front_wide_120fov,218,front_right/rgb/000218.png
front_right,219,7.300000,30,camera_front_wide_120fov,219,front_right/rgb/000219.png
front_right,220,7.333333,30,camera_front_wide_120fov,220,front_right/rgb/000220.png
front_right,221,7.366667,30,camera_front_wide_120fov,221,front_right/rgb/000221.png
front_right,222,7.400000,30,camera_front_wide_120fov,222,front_right/rgb/000222.png
front_right,223,7.433333,30,camera_front_wide_120fov,223,front_right/rgb/000223.png
front_right,224,7.466667,30,camera_front_wide_120fov,224,front_right/rgb/000224.png
front_right,225,7.500000,30,camera_front_wide_120fov,225,front_right/rgb/000225.png
front_right,226,7.533333,30,camera_front_wide_120fov,226,front_right/rgb/000226.png
front_right,227,7.566667,30,camera_front_wide_120fov,227,front_right/rgb/000227.png
front_right,228,7.600000,30,camera_front_wide_120fov,228,front_right/rgb/000228.png
front_right,229,7.633333,30,camera_front_wide_120fov,229,front_right/rgb/000229.png
front_right,230,7.666667,30,camera_front_wide_120fov,230,front_right/rgb/000230.png
front_right,231,7.700000,30,camera_front_wide_120fov,231,front_right/rgb/000231.png
front_right,232,7.733333,30,camera_front_wide_120fov,232,front_right/rgb/000232.png
front_right,233,7.766667,30,camera_front_wide_120fov,233,front_right/rgb/000233.png
front_right,234,7.800000,30,camera_front_wide_120fov,234,front_right/rgb/000234.png
front_right,235,7.833333,30,camera_front_wide_120fov,235,front_right/rgb/000235.png
front_right,236,7.866667,30,camera_front_wide_120fov,236,front_right/rgb/000236.png
front_right,237,7.900000,30,camera_front_wide_120fov,237,front_right/rgb/000237.png
front_right,238,7.933333,30,camera_front_wide_120fov,238,front_right/rgb/000238.png
front_right,239,7.966667,30,camera_front_wide_120fov,239,front_right/rgb/000239.png
front_right,240,8.000000,30,camera_front_wide_120fov,240,front_right/rgb/000240.png
front_right,241,8.033333,30,camera_front_wide_120fov,241,front_right/rgb/000241.png
front_right,242,8.066667,30,camera_front_wide_120fov,242,front_right/rgb/000242.png
front_right,243,8.100000,30,camera_front_wide_120fov,243,front_right/rgb/000243.png
front_right,244,8.133333,30,camera_front_wide_120fov,244,front_right/rgb/000244.png
front_right,245,8.166667,30,camera_front_wide_120fov,245,front_right/rgb/000245.png
front_right,246,8.200000,30,camera_front_wide_120fov,246,front_right/rgb/000246.png
front_right,247,8.233333,30,camera_front_wide_120fov,247,front_right/rgb/000247.png
front_right,248,8.266667,30,camera_front_wide_120fov,248,front_right/rgb/000248.png
front_right,249,8.300000,30,camera_front_wide_120fov,249,front_right/rgb/000249.png
front_right,250,8.333333,30,camera_front_wide_120fov,250,front_right/rgb/000250.png
front_right,251,8.366667,30,camera_front_wide_120fov,251,front_right/rgb/000251.png
front_right,252,8.400000,30,camera_front_wide_120fov,252,front_right/rgb/000252.png
front_right,253,8.433333,30,camera_front_wide_120fov,253,front_right/rgb/000253.png
front_right,254,8.466667,30,camera_front_wide_120fov,254,front_right/rgb/000254.png
front_right,255,8.500000,30,camera_front_wide_120fov,255,front_right/rgb/000255.png
front_right,256,8.533333,30,camera_front_wide_120fov,256,front_right/rgb/000256.png
front_right,257,8.566667,30,camera_front_wide_120fov,257,front_right/rgb/000257.png
front_right,258,8.600000,30,camera_front_wide_120fov,258,front_right/rgb/000258.png
front_right,259,8.633333,30,camera_front_wide_120fov,259,front_right/rgb/000259.png
front_right,260,8.666667,30,camera_front_wide_120fov,260,front_right/rgb/000260.png
front_right,261,8.700000,30,camera_front_wide_120fov,261,front_right/rgb/000261.png
front_right,262,8.733333,30,camera_front_wide_120fov,262,front_right/rgb/000262.png
front_right,263,8.766667,30,camera_front_wide_120fov,263,front_right/rgb/000263.png
front_right,264,8.800000,30,camera_front_wide_120fov,264,front_right/rgb/000264.png
front_right,265,8.833333,30,camera_front_wide_120fov,265,front_right/rgb/000265.png
front_right,266,8.866667,30,camera_front_wide_120fov,266,front_right/rgb/000266.png
front_right,267,8.900000,30,camera_front_wide_120fov,267,front_right/rgb/000267.png
front_right,268,8.933333,30,camera_front_wide_120fov,268,front_right/rgb/000268.png
front_right,269,8.966667,30,camera_front_wide_120fov,269,front_right/rgb/000269.png
front_right,270,9.000000,30,camera_front_wide_120fov,270,front_right/rgb/000270.png
front_right,271,9.033333,30,camera_front_wide_120fov,271,front_right/rgb/000271.png
front_right,272,9.066667,30,camera_front_wide_120fov,272,front_right/rgb/000272.png
front_right,273,9.100000,30,camera_front_wide_120fov,273,front_right/rgb/000273.png
front_right,274,9.133333,30,camera_front_wide_120fov,274,front_right/rgb/000274.png
front_right,275,9.166667,30,camera_front_wide_120fov,275,front_right/rgb/000275.png
front_right,276,9.200000,30,camera_front_wide_120fov,276,front_right/rgb/000276.png
front_right,277,9.233333,30,camera_front_wide_120fov,277,front_right/rgb/000277.png
front_right,278,9.266667,30,camera_front_wide_120fov,278,front_right/rgb/000278.png
front_right,279,9.300000,30,camera_front_wide_120fov,279,front_right/rgb/000279.png
front_right,280,9.333333,30,camera_front_wide_120fov,280,front_right/rgb/000280.png
front_right,281,9.366667,30,camera_front_wide_120fov,281,front_right/rgb/000281.png
front_right,282,9.400000,30,camera_front_wide_120fov,282,front_right/rgb/000282.png
front_right,283,9.433333,30,camera_front_wide_120fov,283,front_right/rgb/000283.png
front_right,284,9.466667,30,camera_front_wide_120fov,284,front_right/rgb/000284.png
front_right,285,9.500000,30,camera_front_wide_120fov,285,front_right/rgb/000285.png
front_right,286,9.533333,30,camera_front_wide_120fov,286,front_right/rgb/000286.png
front_right,287,9.566667,30,camera_front_wide_120fov,287,front_right/rgb/000287.png
front_right,288,9.600000,30,camera_front_wide_120fov,288,front_right/rgb/000288.png
front_right,289,9.633333,30,camera_front_wide_120fov,289,front_right/rgb/000289.png
front_right,290,9.666667,30,camera_front_wide_120fov,290,front_right/rgb/000290.png
front_right,291,9.700000,30,camera_front_wide_120fov,291,front_right/rgb/000291.png
front_right,292,9.733333,30,camera_front_wide_120fov,292,front_right/rgb/000292.png
front_right,293,9.766667,30,camera_front_wide_120fov,293,front_right/rgb/000293.png
front_right,294,9.800000,30,camera_front_wide_120fov,294,front_right/rgb/000294.png
front_right,295,9.833333,30,camera_front_wide_120fov,295,front_right/rgb/000295.png
front_right,296,9.866667,30,camera_front_wide_120fov,296,front_right/rgb/000296.png
front_right,297,9.900000,30,camera_front_wide_120fov,297,front_right/rgb/000297.png
front_right,298,9.933333,30,camera_front_wide_120fov,298,front_right/rgb/000298.png
side_left,0,0.000000,30,camera_front_wide_120fov,0,side_left/rgb/000000.png
side_left,1,0.033333,30,camera_front_wide_120fov,1,side_left/rgb/000001.png
side_left,2,0.066667,30,camera_front_wide_120fov,2,side_left/rgb/000002.png
side_left,3,0.100000,30,camera_front_wide_120fov,3,side_left/rgb/000003.png
side_left,4,0.133333,30,camera_front_wide_120fov,4,side_left/rgb/000004.png
side_left,5,0.166667,30,camera_front_wide_120fov,5,side_left/rgb/000005.png
side_left,6,0.200000,30,camera_front_wide_120fov,6,side_left/rgb/000006.png
side_left,7,0.233333,30,camera_front_wide_120fov,7,side_left/rgb/000007.png
side_left,8,0.266667,30,camera_front_wide_120fov,8,side_left/rgb/000008.png
side_left,9,0.300000,30,camera_front_wide_120fov,9,side_left/rgb/000009.png
side_left,10,0.333333,30,camera_front_wide_120fov,10,side_left/rgb/000010.png
side_left,11,0.366667,30,camera_front_wide_120fov,11,side_left/rgb/000011.png
side_left,12,0.400000,30,camera_front_wide_120fov,12,side_left/rgb/000012.png
side_left,13,0.433333,30,camera_front_wide_120fov,13,side_left/rgb/000013.png
side_left,14,0.466667,30,camera_front_wide_120fov,14,side_left/rgb/000014.png
side_left,15,0.500000,30,camera_front_wide_120fov,15,side_left/rgb/000015.png
side_left,16,0.533333,30,camera_front_wide_120fov,16,side_left/rgb/000016.png
side_left,17,0.566667,30,camera_front_wide_120fov,17,side_left/rgb/000017.png
side_left,18,0.600000,30,camera_front_wide_120fov,18,side_left/rgb/000018.png
side_left,19,0.633333,30,camera_front_wide_120fov,19,side_left/rgb/000019.png
side_left,20,0.666667,30,camera_front_wide_120fov,20,side_left/rgb/000020.png
side_left,21,0.700000,30,camera_front_wide_120fov,21,side_left/rgb/000021.png
side_left,22,0.733333,30,camera_front_wide_120fov,22,side_left/rgb/000022.png
side_left,23,0.766667,30,camera_front_wide_120fov,23,side_left/rgb/000023.png
side_left,24,0.800000,30,camera_front_wide_120fov,24,side_left/rgb/000024.png
side_left,25,0.833333,30,camera_front_wide_120fov,25,side_left/rgb/000025.png
side_left,26,0.866667,30,camera_front_wide_120fov,26,side_left/rgb/000026.png
side_left,27,0.900000,30,camera_front_wide_120fov,27,side_left/rgb/000027.png
side_left,28,0.933333,30,camera_front_wide_120fov,28,side_left/rgb/000028.png
side_left,29,0.966667,30,camera_front_wide_120fov,29,side_left/rgb/000029.png
side_left,30,1.000000,30,camera_front_wide_120fov,30,side_left/rgb/000030.png
side_left,31,1.033333,30,camera_front_wide_120fov,31,side_left/rgb/000031.png
side_left,32,1.066667,30,camera_front_wide_120fov,32,side_left/rgb/000032.png
side_left,33,1.100000,30,camera_front_wide_120fov,33,side_left/rgb/000033.png
side_left,34,1.133333,30,camera_front_wide_120fov,34,side_left/rgb/000034.png
side_left,35,1.166667,30,camera_front_wide_120fov,35,side_left/rgb/000035.png
side_left,36,1.200000,30,camera_front_wide_120fov,36,side_left/rgb/000036.png
side_left,37,1.233333,30,camera_front_wide_120fov,37,side_left/rgb/000037.png
side_left,38,1.266667,30,camera_front_wide_120fov,38,side_left/rgb/000038.png
side_left,39,1.300000,30,camera_front_wide_120fov,39,side_left/rgb/000039.png
side_left,40,1.333333,30,camera_front_wide_120fov,40,side_left/rgb/000040.png
side_left,41,1.366667,30,camera_front_wide_120fov,41,side_left/rgb/000041.png
side_left,42,1.400000,30,camera_front_wide_120fov,42,side_left/rgb/000042.png
side_left,43,1.433333,30,camera_front_wide_120fov,43,side_left/rgb/000043.png
side_left,44,1.466667,30,camera_front_wide_120fov,44,side_left/rgb/000044.png
side_left,45,1.500000,30,camera_front_wide_120fov,45,side_left/rgb/000045.png
side_left,46,1.533333,30,camera_front_wide_120fov,46,side_left/rgb/000046.png
side_left,47,1.566667,30,camera_front_wide_120fov,47,side_left/rgb/000047.png
side_left,48,1.600000,30,camera_front_wide_120fov,48,side_left/rgb/000048.png
side_left,49,1.633333,30,camera_front_wide_120fov,49,side_left/rgb/000049.png
side_left,50,1.666667,30,camera_front_wide_120fov,50,side_left/rgb/000050.png
side_left,51,1.700000,30,camera_front_wide_120fov,51,side_left/rgb/000051.png
side_left,52,1.733333,30,camera_front_wide_120fov,52,side_left/rgb/000052.png
side_left,53,1.766667,30,camera_front_wide_120fov,53,side_left/rgb/000053.png
side_left,54,1.800000,30,camera_front_wide_120fov,54,side_left/rgb/000054.png
side_left,55,1.833333,30,camera_front_wide_120fov,55,side_left/rgb/000055.png
side_left,56,1.866667,30,camera_front_wide_120fov,56,side_left/rgb/000056.png
side_left,57,1.900000,30,camera_front_wide_120fov,57,side_left/rgb/000057.png
side_left,58,1.933333,30,camera_front_wide_120fov,58,side_left/rgb/000058.png
side_left,59,1.966667,30,camera_front_wide_120fov,59,side_left/rgb/000059.png
side_left,60,2.000000,30,camera_front_wide_120fov,60,side_left/rgb/000060.png
side_left,61,2.033333,30,camera_front_wide_120fov,61,side_left/rgb/000061.png
side_left,62,2.066667,30,camera_front_wide_120fov,62,side_left/rgb/000062.png
side_left,63,2.100000,30,camera_front_wide_120fov,63,side_left/rgb/000063.png
side_left,64,2.133333,30,camera_front_wide_120fov,64,side_left/rgb/000064.png
side_left,65,2.166667,30,camera_front_wide_120fov,65,side_left/rgb/000065.png
side_left,66,2.200000,30,camera_front_wide_120fov,66,side_left/rgb/000066.png
side_left,67,2.233333,30,camera_front_wide_120fov,67,side_left/rgb/000067.png
side_left,68,2.266667,30,camera_front_wide_120fov,68,side_left/rgb/000068.png
side_left,69,2.300000,30,camera_front_wide_120fov,69,side_left/rgb/000069.png
side_left,70,2.333333,30,camera_front_wide_120fov,70,side_left/rgb/000070.png
side_left,71,2.366667,30,camera_front_wide_120fov,71,side_left/rgb/000071.png
side_left,72,2.400000,30,camera_front_wide_120fov,72,side_left/rgb/000072.png
side_left,73,2.433333,30,camera_front_wide_120fov,73,side_left/rgb/000073.png
side_left,74,2.466667,30,camera_front_wide_120fov,74,side_left/rgb/000074.png
side_left,75,2.500000,30,camera_front_wide_120fov,75,side_left/rgb/000075.png
side_left,76,2.533333,30,camera_front_wide_120fov,76,side_left/rgb/000076.png
side_left,77,2.566667,30,camera_front_wide_120fov,77,side_left/rgb/000077.png
side_left,78,2.600000,30,camera_front_wide_120fov,78,side_left/rgb/000078.png
side_left,79,2.633333,30,camera_front_wide_120fov,79,side_left/rgb/000079.png
side_left,80,2.666667,30,camera_front_wide_120fov,80,side_left/rgb/000080.png
side_left,81,2.700000,30,camera_front_wide_120fov,81,side_left/rgb/000081.png
side_left,82,2.733333,30,camera_front_wide_120fov,82,side_left/rgb/000082.png
side_left,83,2.766667,30,camera_front_wide_120fov,83,side_left/rgb/000083.png
side_left,84,2.800000,30,camera_front_wide_120fov,84,side_left/rgb/000084.png
side_left,85,2.833333,30,camera_front_wide_120fov,85,side_left/rgb/000085.png
side_left,86,2.866667,30,camera_front_wide_120fov,86,side_left/rgb/000086.png
side_left,87,2.900000,30,camera_front_wide_120fov,87,side_left/rgb/000087.png
side_left,88,2.933333,30,camera_front_wide_120fov,88,side_left/rgb/000088.png
side_left,89,2.966667,30,camera_front_wide_120fov,89,side_left/rgb/000089.png
side_left,90,3.000000,30,camera_front_wide_120fov,90,side_left/rgb/000090.png
side_left,91,3.033333,30,camera_front_wide_120fov,91,side_left/rgb/000091.png
side_left,92,3.066667,30,camera_front_wide_120fov,92,side_left/rgb/000092.png
side_left,93,3.100000,30,camera_front_wide_120fov,93,side_left/rgb/000093.png
side_left,94,3.133333,30,camera_front_wide_120fov,94,side_left/rgb/000094.png
side_left,95,3.166667,30,camera_front_wide_120fov,95,side_left/rgb/000095.png
side_left,96,3.200000,30,camera_front_wide_120fov,96,side_left/rgb/000096.png
side_left,97,3.233333,30,camera_front_wide_120fov,97,side_left/rgb/000097.png
side_left,98,3.266667,30,camera_front_wide_120fov,98,side_left/rgb/000098.png
side_left,99,3.300000,30,camera_front_wide_120fov,99,side_left/rgb/000099.png
side_left,100,3.333333,30,camera_front_wide_120fov,100,side_left/rgb/000100.png
side_left,101,3.366667,30,camera_front_wide_120fov,101,side_left/rgb/000101.png
side_left,102,3.400000,30,camera_front_wide_120fov,102,side_left/rgb/000102.png
side_left,103,3.433333,30,camera_front_wide_120fov,103,side_left/rgb/000103.png
side_left,104,3.466667,30,camera_front_wide_120fov,104,side_left/rgb/000104.png
side_left,105,3.500000,30,camera_front_wide_120fov,105,side_left/rgb/000105.png
side_left,106,3.533333,30,camera_front_wide_120fov,106,side_left/rgb/000106.png
side_left,107,3.566667,30,camera_front_wide_120fov,107,side_left/rgb/000107.png
side_left,108,3.600000,30,camera_front_wide_120fov,108,side_left/rgb/000108.png
side_left,109,3.633333,30,camera_front_wide_120fov,109,side_left/rgb/000109.png
side_left,110,3.666667,30,camera_front_wide_120fov,110,side_left/rgb/000110.png
side_left,111,3.700000,30,camera_front_wide_120fov,111,side_left/rgb/000111.png
side_left,112,3.733333,30,camera_front_wide_120fov,112,side_left/rgb/000112.png
side_left,113,3.766667,30,camera_front_wide_120fov,113,side_left/rgb/000113.png
side_left,114,3.800000,30,camera_front_wide_120fov,114,side_left/rgb/000114.png
side_left,115,3.833333,30,camera_front_wide_120fov,115,side_left/rgb/000115.png
side_left,116,3.866667,30,camera_front_wide_120fov,116,side_left/rgb/000116.png
side_left,117,3.900000,30,camera_front_wide_120fov,117,side_left/rgb/000117.png
side_left,118,3.933333,30,camera_front_wide_120fov,118,side_left/rgb/000118.png
side_left,119,3.966667,30,camera_front_wide_120fov,119,side_left/rgb/000119.png
side_left,120,4.000000,30,camera_front_wide_120fov,120,side_left/rgb/000120.png
side_left,121,4.033333,30,camera_front_wide_120fov,121,side_left/rgb/000121.png
side_left,122,4.066667,30,camera_front_wide_120fov,122,side_left/rgb/000122.png
side_left,123,4.100000,30,camera_front_wide_120fov,123,side_left/rgb/000123.png
side_left,124,4.133333,30,camera_front_wide_120fov,124,side_left/rgb/000124.png
side_left,125,4.166667,30,camera_front_wide_120fov,125,side_left/rgb/000125.png
side_left,126,4.200000,30,camera_front_wide_120fov,126,side_left/rgb/000126.png
side_left,127,4.233333,30,camera_front_wide_120fov,127,side_left/rgb/000127.png
side_left,128,4.266667,30,camera_front_wide_120fov,128,side_left/rgb/000128.png
side_left,129,4.300000,30,camera_front_wide_120fov,129,side_left/rgb/000129.png
side_left,130,4.333333,30,camera_front_wide_120fov,130,side_left/rgb/000130.png
side_left,131,4.366667,30,camera_front_wide_120fov,131,side_left/rgb/000131.png
side_left,132,4.400000,30,camera_front_wide_120fov,132,side_left/rgb/000132.png
side_left,133,4.433333,30,camera_front_wide_120fov,133,side_left/rgb/000133.png
side_left,134,4.466667,30,camera_front_wide_120fov,134,side_left/rgb/000134.png
side_left,135,4.500000,30,camera_front_wide_120fov,135,side_left/rgb/000135.png
side_left,136,4.533333,30,camera_front_wide_120fov,136,side_left/rgb/000136.png
side_left,137,4.566667,30,camera_front_wide_120fov,137,side_left/rgb/000137.png
side_left,138,4.600000,30,camera_front_wide_120fov,138,side_left/rgb/000138.png
side_left,139,4.633333,30,camera_front_wide_120fov,139,side_left/rgb/000139.png
side_left,140,4.666667,30,camera_front_wide_120fov,140,side_left/rgb/000140.png
side_left,141,4.700000,30,camera_front_wide_120fov,141,side_left/rgb/000141.png
side_left,142,4.733333,30,camera_front_wide_120fov,142,side_left/rgb/000142.png
side_left,143,4.766667,30,camera_front_wide_120fov,143,side_left/rgb/000143.png
side_left,144,4.800000,30,camera_front_wide_120fov,144,side_left/rgb/000144.png
side_left,145,4.833333,30,camera_front_wide_120fov,145,side_left/rgb/000145.png
side_left,146,4.866667,30,camera_front_wide_120fov,146,side_left/rgb/000146.png
side_left,147,4.900000,30,camera_front_wide_120fov,147,side_left/rgb/000147.png
side_left,148,4.933333,30,camera_front_wide_120fov,148,side_left/rgb/000148.png
side_left,149,4.966667,30,camera_front_wide_120fov,149,side_left/rgb/000149.png
side_left,150,5.000000,30,camera_front_wide_120fov,150,side_left/rgb/000150.png
side_left,151,5.033333,30,camera_front_wide_120fov,151,side_left/rgb/000151.png
side_left,152,5.066667,30,camera_front_wide_120fov,152,side_left/rgb/000152.png
side_left,153,5.100000,30,camera_front_wide_120fov,153,side_left/rgb/000153.png
side_left,154,5.133333,30,camera_front_wide_120fov,154,side_left/rgb/000154.png
side_left,155,5.166667,30,camera_front_wide_120fov,155,side_left/rgb/000155.png
side_left,156,5.200000,30,camera_front_wide_120fov,156,side_left/rgb/000156.png
side_left,157,5.233333,30,camera_front_wide_120fov,157,side_left/rgb/000157.png
side_left,158,5.266667,30,camera_front_wide_120fov,158,side_left/rgb/000158.png
side_left,159,5.300000,30,camera_front_wide_120fov,159,side_left/rgb/000159.png
side_left,160,5.333333,30,camera_front_wide_120fov,160,side_left/rgb/000160.png
side_left,161,5.366667,30,camera_front_wide_120fov,161,side_left/rgb/000161.png
side_left,162,5.400000,30,camera_front_wide_120fov,162,side_left/rgb/000162.png
side_left,163,5.433333,30,camera_front_wide_120fov,163,side_left/rgb/000163.png
side_left,164,5.466667,30,camera_front_wide_120fov,164,side_left/rgb/000164.png
side_left,165,5.500000,30,camera_front_wide_120fov,165,side_left/rgb/000165.png
side_left,166,5.533333,30,camera_front_wide_120fov,166,side_left/rgb/000166.png
side_left,167,5.566667,30,camera_front_wide_120fov,167,side_left/rgb/000167.png
side_left,168,5.600000,30,camera_front_wide_120fov,168,side_left/rgb/000168.png
side_left,169,5.633333,30,camera_front_wide_120fov,169,side_left/rgb/000169.png
side_left,170,5.666667,30,camera_front_wide_120fov,170,side_left/rgb/000170.png
side_left,171,5.700000,30,camera_front_wide_120fov,171,side_left/rgb/000171.png
side_left,172,5.733333,30,camera_front_wide_120fov,172,side_left/rgb/000172.png
side_left,173,5.766667,30,camera_front_wide_120fov,173,side_left/rgb/000173.png
side_left,174,5.800000,30,camera_front_wide_120fov,174,side_left/rgb/000174.png
side_left,175,5.833333,30,camera_front_wide_120fov,175,side_left/rgb/000175.png
side_left,176,5.866667,30,camera_front_wide_120fov,176,side_left/rgb/000176.png
side_left,177,5.900000,30,camera_front_wide_120fov,177,side_left/rgb/000177.png
side_left,178,5.933333,30,camera_front_wide_120fov,178,side_left/rgb/000178.png
side_left,179,5.966667,30,camera_front_wide_120fov,179,side_left/rgb/000179.png
side_left,180,6.000000,30,camera_front_wide_120fov,180,side_left/rgb/000180.png
side_left,181,6.033333,30,camera_front_wide_120fov,181,side_left/rgb/000181.png
side_left,182,6.066667,30,camera_front_wide_120fov,182,side_left/rgb/000182.png
side_left,183,6.100000,30,camera_front_wide_120fov,183,side_left/rgb/000183.png
side_left,184,6.133333,30,camera_front_wide_120fov,184,side_left/rgb/000184.png
side_left,185,6.166667,30,camera_front_wide_120fov,185,side_left/rgb/000185.png
side_left,186,6.200000,30,camera_front_wide_120fov,186,side_left/rgb/000186.png
side_left,187,6.233333,30,camera_front_wide_120fov,187,side_left/rgb/000187.png
side_left,188,6.266667,30,camera_front_wide_120fov,188,side_left/rgb/000188.png
side_left,189,6.300000,30,camera_front_wide_120fov,189,side_left/rgb/000189.png
side_left,190,6.333333,30,camera_front_wide_120fov,190,side_left/rgb/000190.png
side_left,191,6.366667,30,camera_front_wide_120fov,191,side_left/rgb/000191.png
side_left,192,6.400000,30,camera_front_wide_120fov,192,side_left/rgb/000192.png
side_left,193,6.433333,30,camera_front_wide_120fov,193,side_left/rgb/000193.png
side_left,194,6.466667,30,camera_front_wide_120fov,194,side_left/rgb/000194.png
side_left,195,6.500000,30,camera_front_wide_120fov,195,side_left/rgb/000195.png
side_left,196,6.533333,30,camera_front_wide_120fov,196,side_left/rgb/000196.png
side_left,197,6.566667,30,camera_front_wide_120fov,197,side_left/rgb/000197.png
side_left,198,6.600000,30,camera_front_wide_120fov,198,side_left/rgb/000198.png
side_left,199,6.633333,30,camera_front_wide_120fov,199,side_left/rgb/000199.png
side_left,200,6.666667,30,camera_front_wide_120fov,200,side_left/rgb/000200.png
side_left,201,6.700000,30,camera_front_wide_120fov,201,side_left/rgb/000201.png
side_left,202,6.733333,30,camera_front_wide_120fov,202,side_left/rgb/000202.png
side_left,203,6.766667,30,camera_front_wide_120fov,203,side_left/rgb/000203.png
side_left,204,6.800000,30,camera_front_wide_120fov,204,side_left/rgb/000204.png
side_left,205,6.833333,30,camera_front_wide_120fov,205,side_left/rgb/000205.png
side_left,206,6.866667,30,camera_front_wide_120fov,206,side_left/rgb/000206.png
side_left,207,6.900000,30,camera_front_wide_120fov,207,side_left/rgb/000207.png
side_left,208,6.933333,30,camera_front_wide_120fov,208,side_left/rgb/000208.png
side_left,209,6.966667,30,camera_front_wide_120fov,209,side_left/rgb/000209.png
side_left,210,7.000000,30,camera_front_wide_120fov,210,side_left/rgb/000210.png
side_left,211,7.033333,30,camera_front_wide_120fov,211,side_left/rgb/000211.png
side_left,212,7.066667,30,camera_front_wide_120fov,212,side_left/rgb/000212.png
side_left,213,7.100000,30,camera_front_wide_120fov,213,side_left/rgb/000213.png
side_left,214,7.133333,30,camera_front_wide_120fov,214,side_left/rgb/000214.png
side_left,215,7.166667,30,camera_front_wide_120fov,215,side_left/rgb/000215.png
side_left,216,7.200000,30,camera_front_wide_120fov,216,side_left/rgb/000216.png
side_left,217,7.233333,30,camera_front_wide_120fov,217,side_left/rgb/000217.png
side_left,218,7.266667,30,camera_front_wide_120fov,218,side_left/rgb/000218.png
side_left,219,7.300000,30,camera_front_wide_120fov,219,side_left/rgb/000219.png
side_left,220,7.333333,30,camera_front_wide_120fov,220,side_left/rgb/000220.png
side_left,221,7.366667,30,camera_front_wide_120fov,221,side_left/rgb/000221.png
side_left,222,7.400000,30,camera_front_wide_120fov,222,side_left/rgb/000222.png
side_left,223,7.433333,30,camera_front_wide_120fov,223,side_left/rgb/000223.png
side_left,224,7.466667,30,camera_front_wide_120fov,224,side_left/rgb/000224.png
side_left,225,7.500000,30,camera_front_wide_120fov,225,side_left/rgb/000225.png
side_left,226,7.533333,30,camera_front_wide_120fov,226,side_left/rgb/000226.png
side_left,227,7.566667,30,camera_front_wide_120fov,227,side_left/rgb/000227.png
side_left,228,7.600000,30,camera_front_wide_120fov,228,side_left/rgb/000228.png
side_left,229,7.633333,30,camera_front_wide_120fov,229,side_left/rgb/000229.png
side_left,230,7.666667,30,camera_front_wide_120fov,230,side_left/rgb/000230.png
side_left,231,7.700000,30,camera_front_wide_120fov,231,side_left/rgb/000231.png
side_left,232,7.733333,30,camera_front_wide_120fov,232,side_left/rgb/000232.png
side_left,233,7.766667,30,camera_front_wide_120fov,233,side_left/rgb/000233.png
side_left,234,7.800000,30,camera_front_wide_120fov,234,side_left/rgb/000234.png
side_left,235,7.833333,30,camera_front_wide_120fov,235,side_left/rgb/000235.png
side_left,236,7.866667,30,camera_front_wide_120fov,236,side_left/rgb/000236.png
side_left,237,7.900000,30,camera_front_wide_120fov,237,side_left/rgb/000237.png
side_left,238,7.933333,30,camera_front_wide_120fov,238,side_left/rgb/000238.png
side_left,239,7.966667,30,camera_front_wide_120fov,239,side_left/rgb/000239.png
side_left,240,8.000000,30,camera_front_wide_120fov,240,side_left/rgb/000240.png
side_left,241,8.033333,30,camera_front_wide_120fov,241,side_left/rgb/000241.png
side_left,242,8.066667,30,camera_front_wide_120fov,242,side_left/rgb/000242.png
side_left,243,8.100000,30,camera_front_wide_120fov,243,side_left/rgb/000243.png
side_left,244,8.133333,30,camera_front_wide_120fov,244,side_left/rgb/000244.png
side_left,245,8.166667,30,camera_front_wide_120fov,245,side_left/rgb/000245.png
side_left,246,8.200000,30,camera_front_wide_120fov,246,side_left/rgb/000246.png
side_left,247,8.233333,30,camera_front_wide_120fov,247,side_left/rgb/000247.png
side_left,248,8.266667,30,camera_front_wide_120fov,248,side_left/rgb/000248.png
side_left,249,8.300000,30,camera_front_wide_120fov,249,side_left/rgb/000249.png
side_left,250,8.333333,30,camera_front_wide_120fov,250,side_left/rgb/000250.png
side_left,251,8.366667,30,camera_front_wide_120fov,251,side_left/rgb/000251.png
side_left,252,8.400000,30,camera_front_wide_120fov,252,side_left/rgb/000252.png
side_left,253,8.433333,30,camera_front_wide_120fov,253,side_left/rgb/000253.png
side_left,254,8.466667,30,camera_front_wide_120fov,254,side_left/rgb/000254.png
side_left,255,8.500000,30,camera_front_wide_120fov,255,side_left/rgb/000255.png
side_left,256,8.533333,30,camera_front_wide_120fov,256,side_left/rgb/000256.png
side_left,257,8.566667,30,camera_front_wide_120fov,257,side_left/rgb/000257.png
side_left,258,8.600000,30,camera_front_wide_120fov,258,side_left/rgb/000258.png
side_left,259,8.633333,30,camera_front_wide_120fov,259,side_left/rgb/000259.png
side_left,260,8.666667,30,camera_front_wide_120fov,260,side_left/rgb/000260.png
side_left,261,8.700000,30,camera_front_wide_120fov,261,side_left/rgb/000261.png
side_left,262,8.733333,30,camera_front_wide_120fov,262,side_left/rgb/000262.png
side_left,263,8.766667,30,camera_front_wide_120fov,263,side_left/rgb/000263.png
side_left,264,8.800000,30,camera_front_wide_120fov,264,side_left/rgb/000264.png
side_left,265,8.833333,30,camera_front_wide_120fov,265,side_left/rgb/000265.png
side_left,266,8.866667,30,camera_front_wide_120fov,266,side_left/rgb/000266.png
side_left,267,8.900000,30,camera_front_wide_120fov,267,side_left/rgb/000267.png
side_left,268,8.933333,30,camera_front_wide_120fov,268,side_left/rgb/000268.png
side_left,269,8.966667,30,camera_front_wide_120fov,269,side_left/rgb/000269.png
side_left,270,9.000000,30,camera_front_wide_120fov,270,side_left/rgb/000270.png
side_left,271,9.033333,30,camera_front_wide_120fov,271,side_left/rgb/000271.png
side_left,272,9.066667,30,camera_front_wide_120fov,272,side_left/rgb/000272.png
side_left,273,9.100000,30,camera_front_wide_120fov,273,side_left/rgb/000273.png
side_left,274,9.133333,30,camera_front_wide_120fov,274,side_left/rgb/000274.png
side_left,275,9.166667,30,camera_front_wide_120fov,275,side_left/rgb/000275.png
side_left,276,9.200000,30,camera_front_wide_120fov,276,side_left/rgb/000276.png
side_left,277,9.233333,30,camera_front_wide_120fov,277,side_left/rgb/000277.png
side_left,278,9.266667,30,camera_front_wide_120fov,278,side_left/rgb/000278.png
side_left,279,9.300000,30,camera_front_wide_120fov,279,side_left/rgb/000279.png
side_left,280,9.333333,30,camera_front_wide_120fov,280,side_left/rgb/000280.png
side_left,281,9.366667,30,camera_front_wide_120fov,281,side_left/rgb/000281.png
side_left,282,9.400000,30,camera_front_wide_120fov,282,side_left/rgb/000282.png
side_left,283,9.433333,30,camera_front_wide_120fov,283,side_left/rgb/000283.png
side_left,284,9.466667,30,camera_front_wide_120fov,284,side_left/rgb/000284.png
side_left,285,9.500000,30,camera_front_wide_120fov,285,side_left/rgb/000285.png
side_left,286,9.533333,30,camera_front_wide_120fov,286,side_left/rgb/000286.png
side_left,287,9.566667,30,camera_front_wide_120fov,287,side_left/rgb/000287.png
side_left,288,9.600000,30,camera_front_wide_120fov,288,side_left/rgb/000288.png
side_left,289,9.633333,30,camera_front_wide_120fov,289,side_left/rgb/000289.png
side_left,290,9.666667,30,camera_front_wide_120fov,290,side_left/rgb/000290.png
side_left,291,9.700000,30,camera_front_wide_120fov,291,side_left/rgb/000291.png
side_left,292,9.733333,30,camera_front_wide_120fov,292,side_left/rgb/000292.png
side_left,293,9.766667,30,camera_front_wide_120fov,293,side_left/rgb/000293.png
side_left,294,9.800000,30,camera_front_wide_120fov,294,side_left/rgb/000294.png
side_left,295,9.833333,30,camera_front_wide_120fov,295,side_left/rgb/000295.png
side_left,296,9.866667,30,camera_front_wide_120fov,296,side_left/rgb/000296.png
side_left,297,9.900000,30,camera_front_wide_120fov,297,side_left/rgb/000297.png
side_left,298,9.933333,30,camera_front_wide_120fov,298,side_left/rgb/000298.png
side_right,0,0.000000,30,camera_front_wide_120fov,0,side_right/rgb/000000.png
side_right,1,0.033333,30,camera_front_wide_120fov,1,side_right/rgb/000001.png
side_right,2,0.066667,30,camera_front_wide_120fov,2,side_right/rgb/000002.png
side_right,3,0.100000,30,camera_front_wide_120fov,3,side_right/rgb/000003.png
side_right,4,0.133333,30,camera_front_wide_120fov,4,side_right/rgb/000004.png
side_right,5,0.166667,30,camera_front_wide_120fov,5,side_right/rgb/000005.png
side_right,6,0.200000,30,camera_front_wide_120fov,6,side_right/rgb/000006.png
side_right,7,0.233333,30,camera_front_wide_120fov,7,side_right/rgb/000007.png
side_right,8,0.266667,30,camera_front_wide_120fov,8,side_right/rgb/000008.png
side_right,9,0.300000,30,camera_front_wide_120fov,9,side_right/rgb/000009.png
side_right,10,0.333333,30,camera_front_wide_120fov,10,side_right/rgb/000010.png
side_right,11,0.366667,30,camera_front_wide_120fov,11,side_right/rgb/000011.png
side_right,12,0.400000,30,camera_front_wide_120fov,12,side_right/rgb/000012.png
side_right,13,0.433333,30,camera_front_wide_120fov,13,side_right/rgb/000013.png
side_right,14,0.466667,30,camera_front_wide_120fov,14,side_right/rgb/000014.png
side_right,15,0.500000,30,camera_front_wide_120fov,15,side_right/rgb/000015.png
side_right,16,0.533333,30,camera_front_wide_120fov,16,side_right/rgb/000016.png
side_right,17,0.566667,30,camera_front_wide_120fov,17,side_right/rgb/000017.png
side_right,18,0.600000,30,camera_front_wide_120fov,18,side_right/rgb/000018.png
side_right,19,0.633333,30,camera_front_wide_120fov,19,side_right/rgb/000019.png
side_right,20,0.666667,30,camera_front_wide_120fov,20,side_right/rgb/000020.png
side_right,21,0.700000,30,camera_front_wide_120fov,21,side_right/rgb/000021.png
side_right,22,0.733333,30,camera_front_wide_120fov,22,side_right/rgb/000022.png
side_right,23,0.766667,30,camera_front_wide_120fov,23,side_right/rgb/000023.png
side_right,24,0.800000,30,camera_front_wide_120fov,24,side_right/rgb/000024.png
side_right,25,0.833333,30,camera_front_wide_120fov,25,side_right/rgb/000025.png
side_right,26,0.866667,30,camera_front_wide_120fov,26,side_right/rgb/000026.png
side_right,27,0.900000,30,camera_front_wide_120fov,27,side_right/rgb/000027.png
side_right,28,0.933333,30,camera_front_wide_120fov,28,side_right/rgb/000028.png
side_right,29,0.966667,30,camera_front_wide_120fov,29,side_right/rgb/000029.png
side_right,30,1.000000,30,camera_front_wide_120fov,30,side_right/rgb/000030.png
side_right,31,1.033333,30,camera_front_wide_120fov,31,side_right/rgb/000031.png
side_right,32,1.066667,30,camera_front_wide_120fov,32,side_right/rgb/000032.png
side_right,33,1.100000,30,camera_front_wide_120fov,33,side_right/rgb/000033.png
side_right,34,1.133333,30,camera_front_wide_120fov,34,side_right/rgb/000034.png
side_right,35,1.166667,30,camera_front_wide_120fov,35,side_right/rgb/000035.png
side_right,36,1.200000,30,camera_front_wide_120fov,36,side_right/rgb/000036.png
side_right,37,1.233333,30,camera_front_wide_120fov,37,side_right/rgb/000037.png
side_right,38,1.266667,30,camera_front_wide_120fov,38,side_right/rgb/000038.png
side_right,39,1.300000,30,camera_front_wide_120fov,39,side_right/rgb/000039.png
side_right,40,1.333333,30,camera_front_wide_120fov,40,side_right/rgb/000040.png
side_right,41,1.366667,30,camera_front_wide_120fov,41,side_right/rgb/000041.png
side_right,42,1.400000,30,camera_front_wide_120fov,42,side_right/rgb/000042.png
side_right,43,1.433333,30,camera_front_wide_120fov,43,side_right/rgb/000043.png
side_right,44,1.466667,30,camera_front_wide_120fov,44,side_right/rgb/000044.png
side_right,45,1.500000,30,camera_front_wide_120fov,45,side_right/rgb/000045.png
side_right,46,1.533333,30,camera_front_wide_120fov,46,side_right/rgb/000046.png
side_right,47,1.566667,30,camera_front_wide_120fov,47,side_right/rgb/000047.png
side_right,48,1.600000,30,camera_front_wide_120fov,48,side_right/rgb/000048.png
side_right,49,1.633333,30,camera_front_wide_120fov,49,side_right/rgb/000049.png
side_right,50,1.666667,30,camera_front_wide_120fov,50,side_right/rgb/000050.png
side_right,51,1.700000,30,camera_front_wide_120fov,51,side_right/rgb/000051.png
side_right,52,1.733333,30,camera_front_wide_120fov,52,side_right/rgb/000052.png
side_right,53,1.766667,30,camera_front_wide_120fov,53,side_right/rgb/000053.png
side_right,54,1.800000,30,camera_front_wide_120fov,54,side_right/rgb/000054.png
side_right,55,1.833333,30,camera_front_wide_120fov,55,side_right/rgb/000055.png
side_right,56,1.866667,30,camera_front_wide_120fov,56,side_right/rgb/000056.png
side_right,57,1.900000,30,camera_front_wide_120fov,57,side_right/rgb/000057.png
side_right,58,1.933333,30,camera_front_wide_120fov,58,side_right/rgb/000058.png
side_right,59,1.966667,30,camera_front_wide_120fov,59,side_right/rgb/000059.png
side_right,60,2.000000,30,camera_front_wide_120fov,60,side_right/rgb/000060.png
side_right,61,2.033333,30,camera_front_wide_120fov,61,side_right/rgb/000061.png
side_right,62,2.066667,30,camera_front_wide_120fov,62,side_right/rgb/000062.png
side_right,63,2.100000,30,camera_front_wide_120fov,63,side_right/rgb/000063.png
side_right,64,2.133333,30,camera_front_wide_120fov,64,side_right/rgb/000064.png
side_right,65,2.166667,30,camera_front_wide_120fov,65,side_right/rgb/000065.png
side_right,66,2.200000,30,camera_front_wide_120fov,66,side_right/rgb/000066.png
side_right,67,2.233333,30,camera_front_wide_120fov,67,side_right/rgb/000067.png
side_right,68,2.266667,30,camera_front_wide_120fov,68,side_right/rgb/000068.png
side_right,69,2.300000,30,camera_front_wide_120fov,69,side_right/rgb/000069.png
side_right,70,2.333333,30,camera_front_wide_120fov,70,side_right/rgb/000070.png
side_right,71,2.366667,30,camera_front_wide_120fov,71,side_right/rgb/000071.png
side_right,72,2.400000,30,camera_front_wide_120fov,72,side_right/rgb/000072.png
side_right,73,2.433333,30,camera_front_wide_120fov,73,side_right/rgb/000073.png
side_right,74,2.466667,30,camera_front_wide_120fov,74,side_right/rgb/000074.png
side_right,75,2.500000,30,camera_front_wide_120fov,75,side_right/rgb/000075.png
side_right,76,2.533333,30,camera_front_wide_120fov,76,side_right/rgb/000076.png
side_right,77,2.566667,30,camera_front_wide_120fov,77,side_right/rgb/000077.png
side_right,78,2.600000,30,camera_front_wide_120fov,78,side_right/rgb/000078.png
side_right,79,2.633333,30,camera_front_wide_120fov,79,side_right/rgb/000079.png
side_right,80,2.666667,30,camera_front_wide_120fov,80,side_right/rgb/000080.png
side_right,81,2.700000,30,camera_front_wide_120fov,81,side_right/rgb/000081.png
side_right,82,2.733333,30,camera_front_wide_120fov,82,side_right/rgb/000082.png
side_right,83,2.766667,30,camera_front_wide_120fov,83,side_right/rgb/000083.png
side_right,84,2.800000,30,camera_front_wide_120fov,84,side_right/rgb/000084.png
side_right,85,2.833333,30,camera_front_wide_120fov,85,side_right/rgb/000085.png
side_right,86,2.866667,30,camera_front_wide_120fov,86,side_right/rgb/000086.png
side_right,87,2.900000,30,camera_front_wide_120fov,87,side_right/rgb/000087.png
side_right,88,2.933333,30,camera_front_wide_120fov,88,side_right/rgb/000088.png
side_right,89,2.966667,30,camera_front_wide_120fov,89,side_right/rgb/000089.png
side_right,90,3.000000,30,camera_front_wide_120fov,90,side_right/rgb/000090.png
side_right,91,3.033333,30,camera_front_wide_120fov,91,side_right/rgb/000091.png
side_right,92,3.066667,30,camera_front_wide_120fov,92,side_right/rgb/000092.png
side_right,93,3.100000,30,camera_front_wide_120fov,93,side_right/rgb/000093.png
side_right,94,3.133333,30,camera_front_wide_120fov,94,side_right/rgb/000094.png
side_right,95,3.166667,30,camera_front_wide_120fov,95,side_right/rgb/000095.png
side_right,96,3.200000,30,camera_front_wide_120fov,96,side_right/rgb/000096.png
side_right,97,3.233333,30,camera_front_wide_120fov,97,side_right/rgb/000097.png
side_right,98,3.266667,30,camera_front_wide_120fov,98,side_right/rgb/000098.png
side_right,99,3.300000,30,camera_front_wide_120fov,99,side_right/rgb/000099.png
side_right,100,3.333333,30,camera_front_wide_120fov,100,side_right/rgb/000100.png
side_right,101,3.366667,30,camera_front_wide_120fov,101,side_right/rgb/000101.png
side_right,102,3.400000,30,camera_front_wide_120fov,102,side_right/rgb/000102.png
side_right,103,3.433333,30,camera_front_wide_120fov,103,side_right/rgb/000103.png
side_right,104,3.466667,30,camera_front_wide_120fov,104,side_right/rgb/000104.png
side_right,105,3.500000,30,camera_front_wide_120fov,105,side_right/rgb/000105.png
side_right,106,3.533333,30,camera_front_wide_120fov,106,side_right/rgb/000106.png
side_right,107,3.566667,30,camera_front_wide_120fov,107,side_right/rgb/000107.png
side_right,108,3.600000,30,camera_front_wide_120fov,108,side_right/rgb/000108.png
side_right,109,3.633333,30,camera_front_wide_120fov,109,side_right/rgb/000109.png
side_right,110,3.666667,30,camera_front_wide_120fov,110,side_right/rgb/000110.png
side_right,111,3.700000,30,camera_front_wide_120fov,111,side_right/rgb/000111.png
side_right,112,3.733333,30,camera_front_wide_120fov,112,side_right/rgb/000112.png
side_right,113,3.766667,30,camera_front_wide_120fov,113,side_right/rgb/000113.png
side_right,114,3.800000,30,camera_front_wide_120fov,114,side_right/rgb/000114.png
side_right,115,3.833333,30,camera_front_wide_120fov,115,side_right/rgb/000115.png
side_right,116,3.866667,30,camera_front_wide_120fov,116,side_right/rgb/000116.png
side_right,117,3.900000,30,camera_front_wide_120fov,117,side_right/rgb/000117.png
side_right,118,3.933333,30,camera_front_wide_120fov,118,side_right/rgb/000118.png
side_right,119,3.966667,30,camera_front_wide_120fov,119,side_right/rgb/000119.png
side_right,120,4.000000,30,camera_front_wide_120fov,120,side_right/rgb/000120.png
side_right,121,4.033333,30,camera_front_wide_120fov,121,side_right/rgb/000121.png
side_right,122,4.066667,30,camera_front_wide_120fov,122,side_right/rgb/000122.png
side_right,123,4.100000,30,camera_front_wide_120fov,123,side_right/rgb/000123.png
side_right,124,4.133333,30,camera_front_wide_120fov,124,side_right/rgb/000124.png
side_right,125,4.166667,30,camera_front_wide_120fov,125,side_right/rgb/000125.png
side_right,126,4.200000,30,camera_front_wide_120fov,126,side_right/rgb/000126.png
side_right,127,4.233333,30,camera_front_wide_120fov,127,side_right/rgb/000127.png
side_right,128,4.266667,30,camera_front_wide_120fov,128,side_right/rgb/000128.png
side_right,129,4.300000,30,camera_front_wide_120fov,129,side_right/rgb/000129.png
side_right,130,4.333333,30,camera_front_wide_120fov,130,side_right/rgb/000130.png
side_right,131,4.366667,30,camera_front_wide_120fov,131,side_right/rgb/000131.png
side_right,132,4.400000,30,camera_front_wide_120fov,132,side_right/rgb/000132.png
side_right,133,4.433333,30,camera_front_wide_120fov,133,side_right/rgb/000133.png
side_right,134,4.466667,30,camera_front_wide_120fov,134,side_right/rgb/000134.png
side_right,135,4.500000,30,camera_front_wide_120fov,135,side_right/rgb/000135.png
side_right,136,4.533333,30,camera_front_wide_120fov,136,side_right/rgb/000136.png
side_right,137,4.566667,30,camera_front_wide_120fov,137,side_right/rgb/000137.png
side_right,138,4.600000,30,camera_front_wide_120fov,138,side_right/rgb/000138.png
side_right,139,4.633333,30,camera_front_wide_120fov,139,side_right/rgb/000139.png
side_right,140,4.666667,30,camera_front_wide_120fov,140,side_right/rgb/000140.png
side_right,141,4.700000,30,camera_front_wide_120fov,141,side_right/rgb/000141.png
side_right,142,4.733333,30,camera_front_wide_120fov,142,side_right/rgb/000142.png
side_right,143,4.766667,30,camera_front_wide_120fov,143,side_right/rgb/000143.png
side_right,144,4.800000,30,camera_front_wide_120fov,144,side_right/rgb/000144.png
side_right,145,4.833333,30,camera_front_wide_120fov,145,side_right/rgb/000145.png
side_right,146,4.866667,30,camera_front_wide_120fov,146,side_right/rgb/000146.png
side_right,147,4.900000,30,camera_front_wide_120fov,147,side_right/rgb/000147.png
side_right,148,4.933333,30,camera_front_wide_120fov,148,side_right/rgb/000148.png
side_right,149,4.966667,30,camera_front_wide_120fov,149,side_right/rgb/000149.png
side_right,150,5.000000,30,camera_front_wide_120fov,150,side_right/rgb/000150.png
side_right,151,5.033333,30,camera_front_wide_120fov,151,side_right/rgb/000151.png
side_right,152,5.066667,30,camera_front_wide_120fov,152,side_right/rgb/000152.png
side_right,153,5.100000,30,camera_front_wide_120fov,153,side_right/rgb/000153.png
side_right,154,5.133333,30,camera_front_wide_120fov,154,side_right/rgb/000154.png
side_right,155,5.166667,30,camera_front_wide_120fov,155,side_right/rgb/000155.png
side_right,156,5.200000,30,camera_front_wide_120fov,156,side_right/rgb/000156.png
side_right,157,5.233333,30,camera_front_wide_120fov,157,side_right/rgb/000157.png
side_right,158,5.266667,30,camera_front_wide_120fov,158,side_right/rgb/000158.png
side_right,159,5.300000,30,camera_front_wide_120fov,159,side_right/rgb/000159.png
side_right,160,5.333333,30,camera_front_wide_120fov,160,side_right/rgb/000160.png
side_right,161,5.366667,30,camera_front_wide_120fov,161,side_right/rgb/000161.png
side_right,162,5.400000,30,camera_front_wide_120fov,162,side_right/rgb/000162.png
side_right,163,5.433333,30,camera_front_wide_120fov,163,side_right/rgb/000163.png
side_right,164,5.466667,30,camera_front_wide_120fov,164,side_right/rgb/000164.png
side_right,165,5.500000,30,camera_front_wide_120fov,165,side_right/rgb/000165.png
side_right,166,5.533333,30,camera_front_wide_120fov,166,side_right/rgb/000166.png
side_right,167,5.566667,30,camera_front_wide_120fov,167,side_right/rgb/000167.png
side_right,168,5.600000,30,camera_front_wide_120fov,168,side_right/rgb/000168.png
side_right,169,5.633333,30,camera_front_wide_120fov,169,side_right/rgb/000169.png
side_right,170,5.666667,30,camera_front_wide_120fov,170,side_right/rgb/000170.png
side_right,171,5.700000,30,camera_front_wide_120fov,171,side_right/rgb/000171.png
side_right,172,5.733333,30,camera_front_wide_120fov,172,side_right/rgb/000172.png
side_right,173,5.766667,30,camera_front_wide_120fov,173,side_right/rgb/000173.png
side_right,174,5.800000,30,camera_front_wide_120fov,174,side_right/rgb/000174.png
side_right,175,5.833333,30,camera_front_wide_120fov,175,side_right/rgb/000175.png
side_right,176,5.866667,30,camera_front_wide_120fov,176,side_right/rgb/000176.png
side_right,177,5.900000,30,camera_front_wide_120fov,177,side_right/rgb/000177.png
side_right,178,5.933333,30,camera_front_wide_120fov,178,side_right/rgb/000178.png
side_right,179,5.966667,30,camera_front_wide_120fov,179,side_right/rgb/000179.png
side_right,180,6.000000,30,camera_front_wide_120fov,180,side_right/rgb/000180.png
side_right,181,6.033333,30,camera_front_wide_120fov,181,side_right/rgb/000181.png
side_right,182,6.066667,30,camera_front_wide_120fov,182,side_right/rgb/000182.png
side_right,183,6.100000,30,camera_front_wide_120fov,183,side_right/rgb/000183.png
side_right,184,6.133333,30,camera_front_wide_120fov,184,side_right/rgb/000184.png
side_right,185,6.166667,30,camera_front_wide_120fov,185,side_right/rgb/000185.png
side_right,186,6.200000,30,camera_front_wide_120fov,186,side_right/rgb/000186.png
side_right,187,6.233333,30,camera_front_wide_120fov,187,side_right/rgb/000187.png
side_right,188,6.266667,30,camera_front_wide_120fov,188,side_right/rgb/000188.png
side_right,189,6.300000,30,camera_front_wide_120fov,189,side_right/rgb/000189.png
side_right,190,6.333333,30,camera_front_wide_120fov,190,side_right/rgb/000190.png
side_right,191,6.366667,30,camera_front_wide_120fov,191,side_right/rgb/000191.png
side_right,192,6.400000,30,camera_front_wide_120fov,192,side_right/rgb/000192.png
side_right,193,6.433333,30,camera_front_wide_120fov,193,side_right/rgb/000193.png
side_right,194,6.466667,30,camera_front_wide_120fov,194,side_right/rgb/000194.png
side_right,195,6.500000,30,camera_front_wide_120fov,195,side_right/rgb/000195.png
side_right,196,6.533333,30,camera_front_wide_120fov,196,side_right/rgb/000196.png
side_right,197,6.566667,30,camera_front_wide_120fov,197,side_right/rgb/000197.png
side_right,198,6.600000,30,camera_front_wide_120fov,198,side_right/rgb/000198.png
side_right,199,6.633333,30,camera_front_wide_120fov,199,side_right/rgb/000199.png
side_right,200,6.666667,30,camera_front_wide_120fov,200,side_right/rgb/000200.png
side_right,201,6.700000,30,camera_front_wide_120fov,201,side_right/rgb/000201.png
side_right,202,6.733333,30,camera_front_wide_120fov,202,side_right/rgb/000202.png
side_right,203,6.766667,30,camera_front_wide_120fov,203,side_right/rgb/000203.png
side_right,204,6.800000,30,camera_front_wide_120fov,204,side_right/rgb/000204.png
side_right,205,6.833333,30,camera_front_wide_120fov,205,side_right/rgb/000205.png
side_right,206,6.866667,30,camera_front_wide_120fov,206,side_right/rgb/000206.png
side_right,207,6.900000,30,camera_front_wide_120fov,207,side_right/rgb/000207.png
side_right,208,6.933333,30,camera_front_wide_120fov,208,side_right/rgb/000208.png
side_right,209,6.966667,30,camera_front_wide_120fov,209,side_right/rgb/000209.png
side_right,210,7.000000,30,camera_front_wide_120fov,210,side_right/rgb/000210.png
side_right,211,7.033333,30,camera_front_wide_120fov,211,side_right/rgb/000211.png
side_right,212,7.066667,30,camera_front_wide_120fov,212,side_right/rgb/000212.png
side_right,213,7.100000,30,camera_front_wide_120fov,213,side_right/rgb/000213.png
side_right,214,7.133333,30,camera_front_wide_120fov,214,side_right/rgb/000214.png
side_right,215,7.166667,30,camera_front_wide_120fov,215,side_right/rgb/000215.png
side_right,216,7.200000,30,camera_front_wide_120fov,216,side_right/rgb/000216.png
side_right,217,7.233333,30,camera_front_wide_120fov,217,side_right/rgb/000217.png
side_right,218,7.266667,30,camera_front_wide_120fov,218,side_right/rgb/000218.png
side_right,219,7.300000,30,camera_front_wide_120fov,219,side_right/rgb/000219.png
side_right,220,7.333333,30,camera_front_wide_120fov,220,side_right/rgb/000220.png
side_right,221,7.366667,30,camera_front_wide_120fov,221,side_right/rgb/000221.png
side_right,222,7.400000,30,camera_front_wide_120fov,222,side_right/rgb/000222.png
side_right,223,7.433333,30,camera_front_wide_120fov,223,side_right/rgb/000223.png
side_right,224,7.466667,30,camera_front_wide_120fov,224,side_right/rgb/000224.png
side_right,225,7.500000,30,camera_front_wide_120fov,225,side_right/rgb/000225.png
side_right,226,7.533333,30,camera_front_wide_120fov,226,side_right/rgb/000226.png
side_right,227,7.566667,30,camera_front_wide_120fov,227,side_right/rgb/000227.png
side_right,228,7.600000,30,camera_front_wide_120fov,228,side_right/rgb/000228.png
side_right,229,7.633333,30,camera_front_wide_120fov,229,side_right/rgb/000229.png
side_right,230,7.666667,30,camera_front_wide_120fov,230,side_right/rgb/000230.png
side_right,231,7.700000,30,camera_front_wide_120fov,231,side_right/rgb/000231.png
side_right,232,7.733333,30,camera_front_wide_120fov,232,side_right/rgb/000232.png
side_right,233,7.766667,30,camera_front_wide_120fov,233,side_right/rgb/000233.png
side_right,234,7.800000,30,camera_front_wide_120fov,234,side_right/rgb/000234.png
side_right,235,7.833333,30,camera_front_wide_120fov,235,side_right/rgb/000235.png
side_right,236,7.866667,30,camera_front_wide_120fov,236,side_right/rgb/000236.png
side_right,237,7.900000,30,camera_front_wide_120fov,237,side_right/rgb/000237.png
side_right,238,7.933333,30,camera_front_wide_120fov,238,side_right/rgb/000238.png
side_right,239,7.966667,30,camera_front_wide_120fov,239,side_right/rgb/000239.png
side_right,240,8.000000,30,camera_front_wide_120fov,240,side_right/rgb/000240.png
side_right,241,8.033333,30,camera_front_wide_120fov,241,side_right/rgb/000241.png
side_right,242,8.066667,30,camera_front_wide_120fov,242,side_right/rgb/000242.png
side_right,243,8.100000,30,camera_front_wide_120fov,243,side_right/rgb/000243.png
side_right,244,8.133333,30,camera_front_wide_120fov,244,side_right/rgb/000244.png
side_right,245,8.166667,30,camera_front_wide_120fov,245,side_right/rgb/000245.png
side_right,246,8.200000,30,camera_front_wide_120fov,246,side_right/rgb/000246.png
side_right,247,8.233333,30,camera_front_wide_120fov,247,side_right/rgb/000247.png
side_right,248,8.266667,30,camera_front_wide_120fov,248,side_right/rgb/000248.png
side_right,249,8.300000,30,camera_front_wide_120fov,249,side_right/rgb/000249.png
side_right,250,8.333333,30,camera_front_wide_120fov,250,side_right/rgb/000250.png
side_right,251,8.366667,30,camera_front_wide_120fov,251,side_right/rgb/000251.png
side_right,252,8.400000,30,camera_front_wide_120fov,252,side_right/rgb/000252.png
side_right,253,8.433333,30,camera_front_wide_120fov,253,side_right/rgb/000253.png
side_right,254,8.466667,30,camera_front_wide_120fov,254,side_right/rgb/000254.png
side_right,255,8.500000,30,camera_front_wide_120fov,255,side_right/rgb/000255.png
side_right,256,8.533333,30,camera_front_wide_120fov,256,side_right/rgb/000256.png
side_right,257,8.566667,30,camera_front_wide_120fov,257,side_right/rgb/000257.png
side_right,258,8.600000,30,camera_front_wide_120fov,258,side_right/rgb/000258.png
side_right,259,8.633333,30,camera_front_wide_120fov,259,side_right/rgb/000259.png
side_right,260,8.666667,30,camera_front_wide_120fov,260,side_right/rgb/000260.png
side_right,261,8.700000,30,camera_front_wide_120fov,261,side_right/rgb/000261.png
side_right,262,8.733333,30,camera_front_wide_120fov,262,side_right/rgb/000262.png
side_right,263,8.766667,30,camera_front_wide_120fov,263,side_right/rgb/000263.png
side_right,264,8.800000,30,camera_front_wide_120fov,264,side_right/rgb/000264.png
side_right,265,8.833333,30,camera_front_wide_120fov,265,side_right/rgb/000265.png
side_right,266,8.866667,30,camera_front_wide_120fov,266,side_right/rgb/000266.png
side_right,267,8.900000,30,camera_front_wide_120fov,267,side_right/rgb/000267.png
side_right,268,8.933333,30,camera_front_wide_120fov,268,side_right/rgb/000268.png
side_right,269,8.966667,30,camera_front_wide_120fov,269,side_right/rgb/000269.png
side_right,270,9.000000,30,camera_front_wide_120fov,270,side_right/rgb/000270.png
side_right,271,9.033333,30,camera_front_wide_120fov,271,side_right/rgb/000271.png
side_right,272,9.066667,30,camera_front_wide_120fov,272,side_right/rgb/000272.png
side_right,273,9.100000,30,camera_front_wide_120fov,273,side_right/rgb/000273.png
side_right,274,9.133333,30,camera_front_wide_120fov,274,side_right/rgb/000274.png
side_right,275,9.166667,30,camera_front_wide_120fov,275,side_right/rgb/000275.png
side_right,276,9.200000,30,camera_front_wide_120fov,276,side_right/rgb/000276.png
side_right,277,9.233333,30,camera_front_wide_120fov,277,side_right/rgb/000277.png
side_right,278,9.266667,30,camera_front_wide_120fov,278,side_right/rgb/000278.png
side_right,279,9.300000,30,camera_front_wide_120fov,279,side_right/rgb/000279.png
side_right,280,9.333333,30,camera_front_wide_120fov,280,side_right/rgb/000280.png
side_right,281,9.366667,30,camera_front_wide_120fov,281,side_right/rgb/000281.png
side_right,282,9.400000,30,camera_front_wide_120fov,282,side_right/rgb/000282.png
side_right,283,9.433333,30,camera_front_wide_120fov,283,side_right/rgb/000283.png
side_right,284,9.466667,30,camera_front_wide_120fov,284,side_right/rgb/000284.png
side_right,285,9.500000,30,camera_front_wide_120fov,285,side_right/rgb/000285.png
side_right,286,9.533333,30,camera_front_wide_120fov,286,side_right/rgb/000286.png
side_right,287,9.566667,30,camera_front_wide_120fov,287,side_right/rgb/000287.png
side_right,288,9.600000,30,camera_front_wide_120fov,288,side_right/rgb/000288.png
side_right,289,9.633333,30,camera_front_wide_120fov,289,side_right/rgb/000289.png
side_right,290,9.666667,30,camera_front_wide_120fov,290,side_right/rgb/000290.png
side_right,291,9.700000,30,camera_front_wide_120fov,291,side_right/rgb/000291.png
side_right,292,9.733333,30,camera_front_wide_120fov,292,side_right/rgb/000292.png
side_right,293,9.766667,30,camera_front_wide_120fov,293,side_right/rgb/000293.png
side_right,294,9.800000,30,camera_front_wide_120fov,294,side_right/rgb/000294.png
side_right,295,9.833333,30,camera_front_wide_120fov,295,side_right/rgb/000295.png
side_right,296,9.866667,30,camera_front_wide_120fov,296,side_right/rgb/000296.png
side_right,297,9.900000,30,camera_front_wide_120fov,297,side_right/rgb/000297.png
side_right,298,9.933333,30,camera_front_wide_120fov,298,side_right/rgb/000298.png
rear_left,0,0.000000,30,camera_front_wide_120fov,0,rear_left/rgb/000000.png
rear_left,1,0.033333,30,camera_front_wide_120fov,1,rear_left/rgb/000001.png
rear_left,2,0.066667,30,camera_front_wide_120fov,2,rear_left/rgb/000002.png
rear_left,3,0.100000,30,camera_front_wide_120fov,3,rear_left/rgb/000003.png
rear_left,4,0.133333,30,camera_front_wide_120fov,4,rear_left/rgb/000004.png
rear_left,5,0.166667,30,camera_front_wide_120fov,5,rear_left/rgb/000005.png
rear_left,6,0.200000,30,camera_front_wide_120fov,6,rear_left/rgb/000006.png
rear_left,7,0.233333,30,camera_front_wide_120fov,7,rear_left/rgb/000007.png
rear_left,8,0.266667,30,camera_front_wide_120fov,8,rear_left/rgb/000008.png
rear_left,9,0.300000,30,camera_front_wide_120fov,9,rear_left/rgb/000009.png
rear_left,10,0.333333,30,camera_front_wide_120fov,10,rear_left/rgb/000010.png
rear_left,11,0.366667,30,camera_front_wide_120fov,11,rear_left/rgb/000011.png
rear_left,12,0.400000,30,camera_front_wide_120fov,12,rear_left/rgb/000012.png
rear_left,13,0.433333,30,camera_front_wide_120fov,13,rear_left/rgb/000013.png
rear_left,14,0.466667,30,camera_front_wide_120fov,14,rear_left/rgb/000014.png
rear_left,15,0.500000,30,camera_front_wide_120fov,15,rear_left/rgb/000015.png
rear_left,16,0.533333,30,camera_front_wide_120fov,16,rear_left/rgb/000016.png
rear_left,17,0.566667,30,camera_front_wide_120fov,17,rear_left/rgb/000017.png
rear_left,18,0.600000,30,camera_front_wide_120fov,18,rear_left/rgb/000018.png
rear_left,19,0.633333,30,camera_front_wide_120fov,19,rear_left/rgb/000019.png
rear_left,20,0.666667,30,camera_front_wide_120fov,20,rear_left/rgb/000020.png
rear_left,21,0.700000,30,camera_front_wide_120fov,21,rear_left/rgb/000021.png
rear_left,22,0.733333,30,camera_front_wide_120fov,22,rear_left/rgb/000022.png
rear_left,23,0.766667,30,camera_front_wide_120fov,23,rear_left/rgb/000023.png
rear_left,24,0.800000,30,camera_front_wide_120fov,24,rear_left/rgb/000024.png
rear_left,25,0.833333,30,camera_front_wide_120fov,25,rear_left/rgb/000025.png
rear_left,26,0.866667,30,camera_front_wide_120fov,26,rear_left/rgb/000026.png
rear_left,27,0.900000,30,camera_front_wide_120fov,27,rear_left/rgb/000027.png
rear_left,28,0.933333,30,camera_front_wide_120fov,28,rear_left/rgb/000028.png
rear_left,29,0.966667,30,camera_front_wide_120fov,29,rear_left/rgb/000029.png
rear_left,30,1.000000,30,camera_front_wide_120fov,30,rear_left/rgb/000030.png
rear_left,31,1.033333,30,camera_front_wide_120fov,31,rear_left/rgb/000031.png
rear_left,32,1.066667,30,camera_front_wide_120fov,32,rear_left/rgb/000032.png
rear_left,33,1.100000,30,camera_front_wide_120fov,33,rear_left/rgb/000033.png
rear_left,34,1.133333,30,camera_front_wide_120fov,34,rear_left/rgb/000034.png
rear_left,35,1.166667,30,camera_front_wide_120fov,35,rear_left/rgb/000035.png
rear_left,36,1.200000,30,camera_front_wide_120fov,36,rear_left/rgb/000036.png
rear_left,37,1.233333,30,camera_front_wide_120fov,37,rear_left/rgb/000037.png
rear_left,38,1.266667,30,camera_front_wide_120fov,38,rear_left/rgb/000038.png
rear_left,39,1.300000,30,camera_front_wide_120fov,39,rear_left/rgb/000039.png
rear_left,40,1.333333,30,camera_front_wide_120fov,40,rear_left/rgb/000040.png
rear_left,41,1.366667,30,camera_front_wide_120fov,41,rear_left/rgb/000041.png
rear_left,42,1.400000,30,camera_front_wide_120fov,42,rear_left/rgb/000042.png
rear_left,43,1.433333,30,camera_front_wide_120fov,43,rear_left/rgb/000043.png
rear_left,44,1.466667,30,camera_front_wide_120fov,44,rear_left/rgb/000044.png
rear_left,45,1.500000,30,camera_front_wide_120fov,45,rear_left/rgb/000045.png
rear_left,46,1.533333,30,camera_front_wide_120fov,46,rear_left/rgb/000046.png
rear_left,47,1.566667,30,camera_front_wide_120fov,47,rear_left/rgb/000047.png
rear_left,48,1.600000,30,camera_front_wide_120fov,48,rear_left/rgb/000048.png
rear_left,49,1.633333,30,camera_front_wide_120fov,49,rear_left/rgb/000049.png
rear_left,50,1.666667,30,camera_front_wide_120fov,50,rear_left/rgb/000050.png
rear_left,51,1.700000,30,camera_front_wide_120fov,51,rear_left/rgb/000051.png
rear_left,52,1.733333,30,camera_front_wide_120fov,52,rear_left/rgb/000052.png
rear_left,53,1.766667,30,camera_front_wide_120fov,53,rear_left/rgb/000053.png
rear_left,54,1.800000,30,camera_front_wide_120fov,54,rear_left/rgb/000054.png
rear_left,55,1.833333,30,camera_front_wide_120fov,55,rear_left/rgb/000055.png
rear_left,56,1.866667,30,camera_front_wide_120fov,56,rear_left/rgb/000056.png
rear_left,57,1.900000,30,camera_front_wide_120fov,57,rear_left/rgb/000057.png
rear_left,58,1.933333,30,camera_front_wide_120fov,58,rear_left/rgb/000058.png
rear_left,59,1.966667,30,camera_front_wide_120fov,59,rear_left/rgb/000059.png
rear_left,60,2.000000,30,camera_front_wide_120fov,60,rear_left/rgb/000060.png
rear_left,61,2.033333,30,camera_front_wide_120fov,61,rear_left/rgb/000061.png
rear_left,62,2.066667,30,camera_front_wide_120fov,62,rear_left/rgb/000062.png
rear_left,63,2.100000,30,camera_front_wide_120fov,63,rear_left/rgb/000063.png
rear_left,64,2.133333,30,camera_front_wide_120fov,64,rear_left/rgb/000064.png
rear_left,65,2.166667,30,camera_front_wide_120fov,65,rear_left/rgb/000065.png
rear_left,66,2.200000,30,camera_front_wide_120fov,66,rear_left/rgb/000066.png
rear_left,67,2.233333,30,camera_front_wide_120fov,67,rear_left/rgb/000067.png
rear_left,68,2.266667,30,camera_front_wide_120fov,68,rear_left/rgb/000068.png
rear_left,69,2.300000,30,camera_front_wide_120fov,69,rear_left/rgb/000069.png
rear_left,70,2.333333,30,camera_front_wide_120fov,70,rear_left/rgb/000070.png
rear_left,71,2.366667,30,camera_front_wide_120fov,71,rear_left/rgb/000071.png
rear_left,72,2.400000,30,camera_front_wide_120fov,72,rear_left/rgb/000072.png
rear_left,73,2.433333,30,camera_front_wide_120fov,73,rear_left/rgb/000073.png
rear_left,74,2.466667,30,camera_front_wide_120fov,74,rear_left/rgb/000074.png
rear_left,75,2.500000,30,camera_front_wide_120fov,75,rear_left/rgb/000075.png
rear_left,76,2.533333,30,camera_front_wide_120fov,76,rear_left/rgb/000076.png
rear_left,77,2.566667,30,camera_front_wide_120fov,77,rear_left/rgb/000077.png
rear_left,78,2.600000,30,camera_front_wide_120fov,78,rear_left/rgb/000078.png
rear_left,79,2.633333,30,camera_front_wide_120fov,79,rear_left/rgb/000079.png
rear_left,80,2.666667,30,camera_front_wide_120fov,80,rear_left/rgb/000080.png
rear_left,81,2.700000,30,camera_front_wide_120fov,81,rear_left/rgb/000081.png
rear_left,82,2.733333,30,camera_front_wide_120fov,82,rear_left/rgb/000082.png
rear_left,83,2.766667,30,camera_front_wide_120fov,83,rear_left/rgb/000083.png
rear_left,84,2.800000,30,camera_front_wide_120fov,84,rear_left/rgb/000084.png
rear_left,85,2.833333,30,camera_front_wide_120fov,85,rear_left/rgb/000085.png
rear_left,86,2.866667,30,camera_front_wide_120fov,86,rear_left/rgb/000086.png
rear_left,87,2.900000,30,camera_front_wide_120fov,87,rear_left/rgb/000087.png
rear_left,88,2.933333,30,camera_front_wide_120fov,88,rear_left/rgb/000088.png
rear_left,89,2.966667,30,camera_front_wide_120fov,89,rear_left/rgb/000089.png
rear_left,90,3.000000,30,camera_front_wide_120fov,90,rear_left/rgb/000090.png
rear_left,91,3.033333,30,camera_front_wide_120fov,91,rear_left/rgb/000091.png
rear_left,92,3.066667,30,camera_front_wide_120fov,92,rear_left/rgb/000092.png
rear_left,93,3.100000,30,camera_front_wide_120fov,93,rear_left/rgb/000093.png
rear_left,94,3.133333,30,camera_front_wide_120fov,94,rear_left/rgb/000094.png
rear_left,95,3.166667,30,camera_front_wide_120fov,95,rear_left/rgb/000095.png
rear_left,96,3.200000,30,camera_front_wide_120fov,96,rear_left/rgb/000096.png
rear_left,97,3.233333,30,camera_front_wide_120fov,97,rear_left/rgb/000097.png
rear_left,98,3.266667,30,camera_front_wide_120fov,98,rear_left/rgb/000098.png
rear_left,99,3.300000,30,camera_front_wide_120fov,99,rear_left/rgb/000099.png
rear_left,100,3.333333,30,camera_front_wide_120fov,100,rear_left/rgb/000100.png
rear_left,101,3.366667,30,camera_front_wide_120fov,101,rear_left/rgb/000101.png
rear_left,102,3.400000,30,camera_front_wide_120fov,102,rear_left/rgb/000102.png
rear_left,103,3.433333,30,camera_front_wide_120fov,103,rear_left/rgb/000103.png
rear_left,104,3.466667,30,camera_front_wide_120fov,104,rear_left/rgb/000104.png
rear_left,105,3.500000,30,camera_front_wide_120fov,105,rear_left/rgb/000105.png
rear_left,106,3.533333,30,camera_front_wide_120fov,106,rear_left/rgb/000106.png
rear_left,107,3.566667,30,camera_front_wide_120fov,107,rear_left/rgb/000107.png
rear_left,108,3.600000,30,camera_front_wide_120fov,108,rear_left/rgb/000108.png
rear_left,109,3.633333,30,camera_front_wide_120fov,109,rear_left/rgb/000109.png
rear_left,110,3.666667,30,camera_front_wide_120fov,110,rear_left/rgb/000110.png
rear_left,111,3.700000,30,camera_front_wide_120fov,111,rear_left/rgb/000111.png
rear_left,112,3.733333,30,camera_front_wide_120fov,112,rear_left/rgb/000112.png
rear_left,113,3.766667,30,camera_front_wide_120fov,113,rear_left/rgb/000113.png
rear_left,114,3.800000,30,camera_front_wide_120fov,114,rear_left/rgb/000114.png
rear_left,115,3.833333,30,camera_front_wide_120fov,115,rear_left/rgb/000115.png
rear_left,116,3.866667,30,camera_front_wide_120fov,116,rear_left/rgb/000116.png
rear_left,117,3.900000,30,camera_front_wide_120fov,117,rear_left/rgb/000117.png
rear_left,118,3.933333,30,camera_front_wide_120fov,118,rear_left/rgb/000118.png
rear_left,119,3.966667,30,camera_front_wide_120fov,119,rear_left/rgb/000119.png
rear_left,120,4.000000,30,camera_front_wide_120fov,120,rear_left/rgb/000120.png
rear_left,121,4.033333,30,camera_front_wide_120fov,121,rear_left/rgb/000121.png
rear_left,122,4.066667,30,camera_front_wide_120fov,122,rear_left/rgb/000122.png
rear_left,123,4.100000,30,camera_front_wide_120fov,123,rear_left/rgb/000123.png
rear_left,124,4.133333,30,camera_front_wide_120fov,124,rear_left/rgb/000124.png
rear_left,125,4.166667,30,camera_front_wide_120fov,125,rear_left/rgb/000125.png
rear_left,126,4.200000,30,camera_front_wide_120fov,126,rear_left/rgb/000126.png
rear_left,127,4.233333,30,camera_front_wide_120fov,127,rear_left/rgb/000127.png
rear_left,128,4.266667,30,camera_front_wide_120fov,128,rear_left/rgb/000128.png
rear_left,129,4.300000,30,camera_front_wide_120fov,129,rear_left/rgb/000129.png
rear_left,130,4.333333,30,camera_front_wide_120fov,130,rear_left/rgb/000130.png
rear_left,131,4.366667,30,camera_front_wide_120fov,131,rear_left/rgb/000131.png
rear_left,132,4.400000,30,camera_front_wide_120fov,132,rear_left/rgb/000132.png
rear_left,133,4.433333,30,camera_front_wide_120fov,133,rear_left/rgb/000133.png
rear_left,134,4.466667,30,camera_front_wide_120fov,134,rear_left/rgb/000134.png
rear_left,135,4.500000,30,camera_front_wide_120fov,135,rear_left/rgb/000135.png
rear_left,136,4.533333,30,camera_front_wide_120fov,136,rear_left/rgb/000136.png
rear_left,137,4.566667,30,camera_front_wide_120fov,137,rear_left/rgb/000137.png
rear_left,138,4.600000,30,camera_front_wide_120fov,138,rear_left/rgb/000138.png
rear_left,139,4.633333,30,camera_front_wide_120fov,139,rear_left/rgb/000139.png
rear_left,140,4.666667,30,camera_front_wide_120fov,140,rear_left/rgb/000140.png
rear_left,141,4.700000,30,camera_front_wide_120fov,141,rear_left/rgb/000141.png
rear_left,142,4.733333,30,camera_front_wide_120fov,142,rear_left/rgb/000142.png
rear_left,143,4.766667,30,camera_front_wide_120fov,143,rear_left/rgb/000143.png
rear_left,144,4.800000,30,camera_front_wide_120fov,144,rear_left/rgb/000144.png
rear_left,145,4.833333,30,camera_front_wide_120fov,145,rear_left/rgb/000145.png
rear_left,146,4.866667,30,camera_front_wide_120fov,146,rear_left/rgb/000146.png
rear_left,147,4.900000,30,camera_front_wide_120fov,147,rear_left/rgb/000147.png
rear_left,148,4.933333,30,camera_front_wide_120fov,148,rear_left/rgb/000148.png
rear_left,149,4.966667,30,camera_front_wide_120fov,149,rear_left/rgb/000149.png
rear_left,150,5.000000,30,camera_front_wide_120fov,150,rear_left/rgb/000150.png
rear_left,151,5.033333,30,camera_front_wide_120fov,151,rear_left/rgb/000151.png
rear_left,152,5.066667,30,camera_front_wide_120fov,152,rear_left/rgb/000152.png
rear_left,153,5.100000,30,camera_front_wide_120fov,153,rear_left/rgb/000153.png
rear_left,154,5.133333,30,camera_front_wide_120fov,154,rear_left/rgb/000154.png
rear_left,155,5.166667,30,camera_front_wide_120fov,155,rear_left/rgb/000155.png
rear_left,156,5.200000,30,camera_front_wide_120fov,156,rear_left/rgb/000156.png
rear_left,157,5.233333,30,camera_front_wide_120fov,157,rear_left/rgb/000157.png
rear_left,158,5.266667,30,camera_front_wide_120fov,158,rear_left/rgb/000158.png
rear_left,159,5.300000,30,camera_front_wide_120fov,159,rear_left/rgb/000159.png
rear_left,160,5.333333,30,camera_front_wide_120fov,160,rear_left/rgb/000160.png
rear_left,161,5.366667,30,camera_front_wide_120fov,161,rear_left/rgb/000161.png
rear_left,162,5.400000,30,camera_front_wide_120fov,162,rear_left/rgb/000162.png
rear_left,163,5.433333,30,camera_front_wide_120fov,163,rear_left/rgb/000163.png
rear_left,164,5.466667,30,camera_front_wide_120fov,164,rear_left/rgb/000164.png
rear_left,165,5.500000,30,camera_front_wide_120fov,165,rear_left/rgb/000165.png
rear_left,166,5.533333,30,camera_front_wide_120fov,166,rear_left/rgb/000166.png
rear_left,167,5.566667,30,camera_front_wide_120fov,167,rear_left/rgb/000167.png
rear_left,168,5.600000,30,camera_front_wide_120fov,168,rear_left/rgb/000168.png
rear_left,169,5.633333,30,camera_front_wide_120fov,169,rear_left/rgb/000169.png
rear_left,170,5.666667,30,camera_front_wide_120fov,170,rear_left/rgb/000170.png
rear_left,171,5.700000,30,camera_front_wide_120fov,171,rear_left/rgb/000171.png
rear_left,172,5.733333,30,camera_front_wide_120fov,172,rear_left/rgb/000172.png
rear_left,173,5.766667,30,camera_front_wide_120fov,173,rear_left/rgb/000173.png
rear_left,174,5.800000,30,camera_front_wide_120fov,174,rear_left/rgb/000174.png
rear_left,175,5.833333,30,camera_front_wide_120fov,175,rear_left/rgb/000175.png
rear_left,176,5.866667,30,camera_front_wide_120fov,176,rear_left/rgb/000176.png
rear_left,177,5.900000,30,camera_front_wide_120fov,177,rear_left/rgb/000177.png
rear_left,178,5.933333,30,camera_front_wide_120fov,178,rear_left/rgb/000178.png
rear_left,179,5.966667,30,camera_front_wide_120fov,179,rear_left/rgb/000179.png
rear_left,180,6.000000,30,camera_front_wide_120fov,180,rear_left/rgb/000180.png
rear_left,181,6.033333,30,camera_front_wide_120fov,181,rear_left/rgb/000181.png
rear_left,182,6.066667,30,camera_front_wide_120fov,182,rear_left/rgb/000182.png
rear_left,183,6.100000,30,camera_front_wide_120fov,183,rear_left/rgb/000183.png
rear_left,184,6.133333,30,camera_front_wide_120fov,184,rear_left/rgb/000184.png
rear_left,185,6.166667,30,camera_front_wide_120fov,185,rear_left/rgb/000185.png
rear_left,186,6.200000,30,camera_front_wide_120fov,186,rear_left/rgb/000186.png
rear_left,187,6.233333,30,camera_front_wide_120fov,187,rear_left/rgb/000187.png
rear_left,188,6.266667,30,camera_front_wide_120fov,188,rear_left/rgb/000188.png
rear_left,189,6.300000,30,camera_front_wide_120fov,189,rear_left/rgb/000189.png
rear_left,190,6.333333,30,camera_front_wide_120fov,190,rear_left/rgb/000190.png
rear_left,191,6.366667,30,camera_front_wide_120fov,191,rear_left/rgb/000191.png
rear_left,192,6.400000,30,camera_front_wide_120fov,192,rear_left/rgb/000192.png
rear_left,193,6.433333,30,camera_front_wide_120fov,193,rear_left/rgb/000193.png
rear_left,194,6.466667,30,camera_front_wide_120fov,194,rear_left/rgb/000194.png
rear_left,195,6.500000,30,camera_front_wide_120fov,195,rear_left/rgb/000195.png
rear_left,196,6.533333,30,camera_front_wide_120fov,196,rear_left/rgb/000196.png
rear_left,197,6.566667,30,camera_front_wide_120fov,197,rear_left/rgb/000197.png
rear_left,198,6.600000,30,camera_front_wide_120fov,198,rear_left/rgb/000198.png
rear_left,199,6.633333,30,camera_front_wide_120fov,199,rear_left/rgb/000199.png
rear_left,200,6.666667,30,camera_front_wide_120fov,200,rear_left/rgb/000200.png
rear_left,201,6.700000,30,camera_front_wide_120fov,201,rear_left/rgb/000201.png
rear_left,202,6.733333,30,camera_front_wide_120fov,202,rear_left/rgb/000202.png
rear_left,203,6.766667,30,camera_front_wide_120fov,203,rear_left/rgb/000203.png
rear_left,204,6.800000,30,camera_front_wide_120fov,204,rear_left/rgb/000204.png
rear_left,205,6.833333,30,camera_front_wide_120fov,205,rear_left/rgb/000205.png
rear_left,206,6.866667,30,camera_front_wide_120fov,206,rear_left/rgb/000206.png
rear_left,207,6.900000,30,camera_front_wide_120fov,207,rear_left/rgb/000207.png
rear_left,208,6.933333,30,camera_front_wide_120fov,208,rear_left/rgb/000208.png
rear_left,209,6.966667,30,camera_front_wide_120fov,209,rear_left/rgb/000209.png
rear_left,210,7.000000,30,camera_front_wide_120fov,210,rear_left/rgb/000210.png
rear_left,211,7.033333,30,camera_front_wide_120fov,211,rear_left/rgb/000211.png
rear_left,212,7.066667,30,camera_front_wide_120fov,212,rear_left/rgb/000212.png
rear_left,213,7.100000,30,camera_front_wide_120fov,213,rear_left/rgb/000213.png
rear_left,214,7.133333,30,camera_front_wide_120fov,214,rear_left/rgb/000214.png
rear_left,215,7.166667,30,camera_front_wide_120fov,215,rear_left/rgb/000215.png
rear_left,216,7.200000,30,camera_front_wide_120fov,216,rear_left/rgb/000216.png
rear_left,217,7.233333,30,camera_front_wide_120fov,217,rear_left/rgb/000217.png
rear_left,218,7.266667,30,camera_front_wide_120fov,218,rear_left/rgb/000218.png
rear_left,219,7.300000,30,camera_front_wide_120fov,219,rear_left/rgb/000219.png
rear_left,220,7.333333,30,camera_front_wide_120fov,220,rear_left/rgb/000220.png
rear_left,221,7.366667,30,camera_front_wide_120fov,221,rear_left/rgb/000221.png
rear_left,222,7.400000,30,camera_front_wide_120fov,222,rear_left/rgb/000222.png
rear_left,223,7.433333,30,camera_front_wide_120fov,223,rear_left/rgb/000223.png
rear_left,224,7.466667,30,camera_front_wide_120fov,224,rear_left/rgb/000224.png
rear_left,225,7.500000,30,camera_front_wide_120fov,225,rear_left/rgb/000225.png
rear_left,226,7.533333,30,camera_front_wide_120fov,226,rear_left/rgb/000226.png
rear_left,227,7.566667,30,camera_front_wide_120fov,227,rear_left/rgb/000227.png
rear_left,228,7.600000,30,camera_front_wide_120fov,228,rear_left/rgb/000228.png
rear_left,229,7.633333,30,camera_front_wide_120fov,229,rear_left/rgb/000229.png
rear_left,230,7.666667,30,camera_front_wide_120fov,230,rear_left/rgb/000230.png
rear_left,231,7.700000,30,camera_front_wide_120fov,231,rear_left/rgb/000231.png
rear_left,232,7.733333,30,camera_front_wide_120fov,232,rear_left/rgb/000232.png
rear_left,233,7.766667,30,camera_front_wide_120fov,233,rear_left/rgb/000233.png
rear_left,234,7.800000,30,camera_front_wide_120fov,234,rear_left/rgb/000234.png
rear_left,235,7.833333,30,camera_front_wide_120fov,235,rear_left/rgb/000235.png
rear_left,236,7.866667,30,camera_front_wide_120fov,236,rear_left/rgb/000236.png
rear_left,237,7.900000,30,camera_front_wide_120fov,237,rear_left/rgb/000237.png
rear_left,238,7.933333,30,camera_front_wide_120fov,238,rear_left/rgb/000238.png
rear_left,239,7.966667,30,camera_front_wide_120fov,239,rear_left/rgb/000239.png
rear_left,240,8.000000,30,camera_front_wide_120fov,240,rear_left/rgb/000240.png
rear_left,241,8.033333,30,camera_front_wide_120fov,241,rear_left/rgb/000241.png
rear_left,242,8.066667,30,camera_front_wide_120fov,242,rear_left/rgb/000242.png
rear_left,243,8.100000,30,camera_front_wide_120fov,243,rear_left/rgb/000243.png
rear_left,244,8.133333,30,camera_front_wide_120fov,244,rear_left/rgb/000244.png
rear_left,245,8.166667,30,camera_front_wide_120fov,245,rear_left/rgb/000245.png
rear_left,246,8.200000,30,camera_front_wide_120fov,246,rear_left/rgb/000246.png
rear_left,247,8.233333,30,camera_front_wide_120fov,247,rear_left/rgb/000247.png
rear_left,248,8.266667,30,camera_front_wide_120fov,248,rear_left/rgb/000248.png
rear_left,249,8.300000,30,camera_front_wide_120fov,249,rear_left/rgb/000249.png
rear_left,250,8.333333,30,camera_front_wide_120fov,250,rear_left/rgb/000250.png
rear_left,251,8.366667,30,camera_front_wide_120fov,251,rear_left/rgb/000251.png
rear_left,252,8.400000,30,camera_front_wide_120fov,252,rear_left/rgb/000252.png
rear_left,253,8.433333,30,camera_front_wide_120fov,253,rear_left/rgb/000253.png
rear_left,254,8.466667,30,camera_front_wide_120fov,254,rear_left/rgb/000254.png
rear_left,255,8.500000,30,camera_front_wide_120fov,255,rear_left/rgb/000255.png
rear_left,256,8.533333,30,camera_front_wide_120fov,256,rear_left/rgb/000256.png
rear_left,257,8.566667,30,camera_front_wide_120fov,257,rear_left/rgb/000257.png
rear_left,258,8.600000,30,camera_front_wide_120fov,258,rear_left/rgb/000258.png
rear_left,259,8.633333,30,camera_front_wide_120fov,259,rear_left/rgb/000259.png
rear_left,260,8.666667,30,camera_front_wide_120fov,260,rear_left/rgb/000260.png
rear_left,261,8.700000,30,camera_front_wide_120fov,261,rear_left/rgb/000261.png
rear_left,262,8.733333,30,camera_front_wide_120fov,262,rear_left/rgb/000262.png
rear_left,263,8.766667,30,camera_front_wide_120fov,263,rear_left/rgb/000263.png
rear_left,264,8.800000,30,camera_front_wide_120fov,264,rear_left/rgb/000264.png
rear_left,265,8.833333,30,camera_front_wide_120fov,265,rear_left/rgb/000265.png
rear_left,266,8.866667,30,camera_front_wide_120fov,266,rear_left/rgb/000266.png
rear_left,267,8.900000,30,camera_front_wide_120fov,267,rear_left/rgb/000267.png
rear_left,268,8.933333,30,camera_front_wide_120fov,268,rear_left/rgb/000268.png
rear_left,269,8.966667,30,camera_front_wide_120fov,269,rear_left/rgb/000269.png
rear_left,270,9.000000,30,camera_front_wide_120fov,270,rear_left/rgb/000270.png
rear_left,271,9.033333,30,camera_front_wide_120fov,271,rear_left/rgb/000271.png
rear_left,272,9.066667,30,camera_front_wide_120fov,272,rear_left/rgb/000272.png
rear_left,273,9.100000,30,camera_front_wide_120fov,273,rear_left/rgb/000273.png
rear_left,274,9.133333,30,camera_front_wide_120fov,274,rear_left/rgb/000274.png
rear_left,275,9.166667,30,camera_front_wide_120fov,275,rear_left/rgb/000275.png
rear_left,276,9.200000,30,camera_front_wide_120fov,276,rear_left/rgb/000276.png
rear_left,277,9.233333,30,camera_front_wide_120fov,277,rear_left/rgb/000277.png
rear_left,278,9.266667,30,camera_front_wide_120fov,278,rear_left/rgb/000278.png
rear_left,279,9.300000,30,camera_front_wide_120fov,279,rear_left/rgb/000279.png
rear_left,280,9.333333,30,camera_front_wide_120fov,280,rear_left/rgb/000280.png
rear_left,281,9.366667,30,camera_front_wide_120fov,281,rear_left/rgb/000281.png
rear_left,282,9.400000,30,camera_front_wide_120fov,282,rear_left/rgb/000282.png
rear_left,283,9.433333,30,camera_front_wide_120fov,283,rear_left/rgb/000283.png
rear_left,284,9.466667,30,camera_front_wide_120fov,284,rear_left/rgb/000284.png
rear_left,285,9.500000,30,camera_front_wide_120fov,285,rear_left/rgb/000285.png
rear_left,286,9.533333,30,camera_front_wide_120fov,286,rear_left/rgb/000286.png
rear_left,287,9.566667,30,camera_front_wide_120fov,287,rear_left/rgb/000287.png
rear_left,288,9.600000,30,camera_front_wide_120fov,288,rear_left/rgb/000288.png
rear_left,289,9.633333,30,camera_front_wide_120fov,289,rear_left/rgb/000289.png
rear_left,290,9.666667,30,camera_front_wide_120fov,290,rear_left/rgb/000290.png
rear_left,291,9.700000,30,camera_front_wide_120fov,291,rear_left/rgb/000291.png
rear_left,292,9.733333,30,camera_front_wide_120fov,292,rear_left/rgb/000292.png
rear_left,293,9.766667,30,camera_front_wide_120fov,293,rear_left/rgb/000293.png
rear_left,294,9.800000,30,camera_front_wide_120fov,294,rear_left/rgb/000294.png
rear_left,295,9.833333,30,camera_front_wide_120fov,295,rear_left/rgb/000295.png
rear_left,296,9.866667,30,camera_front_wide_120fov,296,rear_left/rgb/000296.png
rear_left,297,9.900000,30,camera_front_wide_120fov,297,rear_left/rgb/000297.png
rear_left,298,9.933333,30,camera_front_wide_120fov,298,rear_left/rgb/000298.png
rear_right,0,0.000000,30,camera_front_wide_120fov,0,rear_right/rgb/000000.png
rear_right,1,0.033333,30,camera_front_wide_120fov,1,rear_right/rgb/000001.png
rear_right,2,0.066667,30,camera_front_wide_120fov,2,rear_right/rgb/000002.png
rear_right,3,0.100000,30,camera_front_wide_120fov,3,rear_right/rgb/000003.png
rear_right,4,0.133333,30,camera_front_wide_120fov,4,rear_right/rgb/000004.png
rear_right,5,0.166667,30,camera_front_wide_120fov,5,rear_right/rgb/000005.png
rear_right,6,0.200000,30,camera_front_wide_120fov,6,rear_right/rgb/000006.png
rear_right,7,0.233333,30,camera_front_wide_120fov,7,rear_right/rgb/000007.png
rear_right,8,0.266667,30,camera_front_wide_120fov,8,rear_right/rgb/000008.png
rear_right,9,0.300000,30,camera_front_wide_120fov,9,rear_right/rgb/000009.png
rear_right,10,0.333333,30,camera_front_wide_120fov,10,rear_right/rgb/000010.png
rear_right,11,0.366667,30,camera_front_wide_120fov,11,rear_right/rgb/000011.png
rear_right,12,0.400000,30,camera_front_wide_120fov,12,rear_right/rgb/000012.png
rear_right,13,0.433333,30,camera_front_wide_120fov,13,rear_right/rgb/000013.png
rear_right,14,0.466667,30,camera_front_wide_120fov,14,rear_right/rgb/000014.png
rear_right,15,0.500000,30,camera_front_wide_120fov,15,rear_right/rgb/000015.png
rear_right,16,0.533333,30,camera_front_wide_120fov,16,rear_right/rgb/000016.png
rear_right,17,0.566667,30,camera_front_wide_120fov,17,rear_right/rgb/000017.png
rear_right,18,0.600000,30,camera_front_wide_120fov,18,rear_right/rgb/000018.png
rear_right,19,0.633333,30,camera_front_wide_120fov,19,rear_right/rgb/000019.png
rear_right,20,0.666667,30,camera_front_wide_120fov,20,rear_right/rgb/000020.png
rear_right,21,0.700000,30,camera_front_wide_120fov,21,rear_right/rgb/000021.png
rear_right,22,0.733333,30,camera_front_wide_120fov,22,rear_right/rgb/000022.png
rear_right,23,0.766667,30,camera_front_wide_120fov,23,rear_right/rgb/000023.png
rear_right,24,0.800000,30,camera_front_wide_120fov,24,rear_right/rgb/000024.png
rear_right,25,0.833333,30,camera_front_wide_120fov,25,rear_right/rgb/000025.png
rear_right,26,0.866667,30,camera_front_wide_120fov,26,rear_right/rgb/000026.png
rear_right,27,0.900000,30,camera_front_wide_120fov,27,rear_right/rgb/000027.png
rear_right,28,0.933333,30,camera_front_wide_120fov,28,rear_right/rgb/000028.png
rear_right,29,0.966667,30,camera_front_wide_120fov,29,rear_right/rgb/000029.png
rear_right,30,1.000000,30,camera_front_wide_120fov,30,rear_right/rgb/000030.png
rear_right,31,1.033333,30,camera_front_wide_120fov,31,rear_right/rgb/000031.png
rear_right,32,1.066667,30,camera_front_wide_120fov,32,rear_right/rgb/000032.png
rear_right,33,1.100000,30,camera_front_wide_120fov,33,rear_right/rgb/000033.png
rear_right,34,1.133333,30,camera_front_wide_120fov,34,rear_right/rgb/000034.png
rear_right,35,1.166667,30,camera_front_wide_120fov,35,rear_right/rgb/000035.png
rear_right,36,1.200000,30,camera_front_wide_120fov,36,rear_right/rgb/000036.png
rear_right,37,1.233333,30,camera_front_wide_120fov,37,rear_right/rgb/000037.png
rear_right,38,1.266667,30,camera_front_wide_120fov,38,rear_right/rgb/000038.png
rear_right,39,1.300000,30,camera_front_wide_120fov,39,rear_right/rgb/000039.png
rear_right,40,1.333333,30,camera_front_wide_120fov,40,rear_right/rgb/000040.png
rear_right,41,1.366667,30,camera_front_wide_120fov,41,rear_right/rgb/000041.png
rear_right,42,1.400000,30,camera_front_wide_120fov,42,rear_right/rgb/000042.png
rear_right,43,1.433333,30,camera_front_wide_120fov,43,rear_right/rgb/000043.png
rear_right,44,1.466667,30,camera_front_wide_120fov,44,rear_right/rgb/000044.png
rear_right,45,1.500000,30,camera_front_wide_120fov,45,rear_right/rgb/000045.png
rear_right,46,1.533333,30,camera_front_wide_120fov,46,rear_right/rgb/000046.png
rear_right,47,1.566667,30,camera_front_wide_120fov,47,rear_right/rgb/000047.png
rear_right,48,1.600000,30,camera_front_wide_120fov,48,rear_right/rgb/000048.png
rear_right,49,1.633333,30,camera_front_wide_120fov,49,rear_right/rgb/000049.png
rear_right,50,1.666667,30,camera_front_wide_120fov,50,rear_right/rgb/000050.png
rear_right,51,1.700000,30,camera_front_wide_120fov,51,rear_right/rgb/000051.png
rear_right,52,1.733333,30,camera_front_wide_120fov,52,rear_right/rgb/000052.png
rear_right,53,1.766667,30,camera_front_wide_120fov,53,rear_right/rgb/000053.png
rear_right,54,1.800000,30,camera_front_wide_120fov,54,rear_right/rgb/000054.png
rear_right,55,1.833333,30,camera_front_wide_120fov,55,rear_right/rgb/000055.png
rear_right,56,1.866667,30,camera_front_wide_120fov,56,rear_right/rgb/000056.png
rear_right,57,1.900000,30,camera_front_wide_120fov,57,rear_right/rgb/000057.png
rear_right,58,1.933333,30,camera_front_wide_120fov,58,rear_right/rgb/000058.png
rear_right,59,1.966667,30,camera_front_wide_120fov,59,rear_right/rgb/000059.png
rear_right,60,2.000000,30,camera_front_wide_120fov,60,rear_right/rgb/000060.png
rear_right,61,2.033333,30,camera_front_wide_120fov,61,rear_right/rgb/000061.png
rear_right,62,2.066667,30,camera_front_wide_120fov,62,rear_right/rgb/000062.png
rear_right,63,2.100000,30,camera_front_wide_120fov,63,rear_right/rgb/000063.png
rear_right,64,2.133333,30,camera_front_wide_120fov,64,rear_right/rgb/000064.png
rear_right,65,2.166667,30,camera_front_wide_120fov,65,rear_right/rgb/000065.png
rear_right,66,2.200000,30,camera_front_wide_120fov,66,rear_right/rgb/000066.png
rear_right,67,2.233333,30,camera_front_wide_120fov,67,rear_right/rgb/000067.png
rear_right,68,2.266667,30,camera_front_wide_120fov,68,rear_right/rgb/000068.png
rear_right,69,2.300000,30,camera_front_wide_120fov,69,rear_right/rgb/000069.png
rear_right,70,2.333333,30,camera_front_wide_120fov,70,rear_right/rgb/000070.png
rear_right,71,2.366667,30,camera_front_wide_120fov,71,rear_right/rgb/000071.png
rear_right,72,2.400000,30,camera_front_wide_120fov,72,rear_right/rgb/000072.png
rear_right,73,2.433333,30,camera_front_wide_120fov,73,rear_right/rgb/000073.png
rear_right,74,2.466667,30,camera_front_wide_120fov,74,rear_right/rgb/000074.png
rear_right,75,2.500000,30,camera_front_wide_120fov,75,rear_right/rgb/000075.png
rear_right,76,2.533333,30,camera_front_wide_120fov,76,rear_right/rgb/000076.png
rear_right,77,2.566667,30,camera_front_wide_120fov,77,rear_right/rgb/000077.png
rear_right,78,2.600000,30,camera_front_wide_120fov,78,rear_right/rgb/000078.png
rear_right,79,2.633333,30,camera_front_wide_120fov,79,rear_right/rgb/000079.png
rear_right,80,2.666667,30,camera_front_wide_120fov,80,rear_right/rgb/000080.png
rear_right,81,2.700000,30,camera_front_wide_120fov,81,rear_right/rgb/000081.png
rear_right,82,2.733333,30,camera_front_wide_120fov,82,rear_right/rgb/000082.png
rear_right,83,2.766667,30,camera_front_wide_120fov,83,rear_right/rgb/000083.png
rear_right,84,2.800000,30,camera_front_wide_120fov,84,rear_right/rgb/000084.png
rear_right,85,2.833333,30,camera_front_wide_120fov,85,rear_right/rgb/000085.png
rear_right,86,2.866667,30,camera_front_wide_120fov,86,rear_right/rgb/000086.png
rear_right,87,2.900000,30,camera_front_wide_120fov,87,rear_right/rgb/000087.png
rear_right,88,2.933333,30,camera_front_wide_120fov,88,rear_right/rgb/000088.png
rear_right,89,2.966667,30,camera_front_wide_120fov,89,rear_right/rgb/000089.png
rear_right,90,3.000000,30,camera_front_wide_120fov,90,rear_right/rgb/000090.png
rear_right,91,3.033333,30,camera_front_wide_120fov,91,rear_right/rgb/000091.png
rear_right,92,3.066667,30,camera_front_wide_120fov,92,rear_right/rgb/000092.png
rear_right,93,3.100000,30,camera_front_wide_120fov,93,rear_right/rgb/000093.png
rear_right,94,3.133333,30,camera_front_wide_120fov,94,rear_right/rgb/000094.png
rear_right,95,3.166667,30,camera_front_wide_120fov,95,rear_right/rgb/000095.png
rear_right,96,3.200000,30,camera_front_wide_120fov,96,rear_right/rgb/000096.png
rear_right,97,3.233333,30,camera_front_wide_120fov,97,rear_right/rgb/000097.png
rear_right,98,3.266667,30,camera_front_wide_120fov,98,rear_right/rgb/000098.png
rear_right,99,3.300000,30,camera_front_wide_120fov,99,rear_right/rgb/000099.png
rear_right,100,3.333333,30,camera_front_wide_120fov,100,rear_right/rgb/000100.png
rear_right,101,3.366667,30,camera_front_wide_120fov,101,rear_right/rgb/000101.png
rear_right,102,3.400000,30,camera_front_wide_120fov,102,rear_right/rgb/000102.png
rear_right,103,3.433333,30,camera_front_wide_120fov,103,rear_right/rgb/000103.png
rear_right,104,3.466667,30,camera_front_wide_120fov,104,rear_right/rgb/000104.png
rear_right,105,3.500000,30,camera_front_wide_120fov,105,rear_right/rgb/000105.png
rear_right,106,3.533333,30,camera_front_wide_120fov,106,rear_right/rgb/000106.png
rear_right,107,3.566667,30,camera_front_wide_120fov,107,rear_right/rgb/000107.png
rear_right,108,3.600000,30,camera_front_wide_120fov,108,rear_right/rgb/000108.png
rear_right,109,3.633333,30,camera_front_wide_120fov,109,rear_right/rgb/000109.png
rear_right,110,3.666667,30,camera_front_wide_120fov,110,rear_right/rgb/000110.png
rear_right,111,3.700000,30,camera_front_wide_120fov,111,rear_right/rgb/000111.png
rear_right,112,3.733333,30,camera_front_wide_120fov,112,rear_right/rgb/000112.png
rear_right,113,3.766667,30,camera_front_wide_120fov,113,rear_right/rgb/000113.png
rear_right,114,3.800000,30,camera_front_wide_120fov,114,rear_right/rgb/000114.png
rear_right,115,3.833333,30,camera_front_wide_120fov,115,rear_right/rgb/000115.png
rear_right,116,3.866667,30,camera_front_wide_120fov,116,rear_right/rgb/000116.png
rear_right,117,3.900000,30,camera_front_wide_120fov,117,rear_right/rgb/000117.png
rear_right,118,3.933333,30,camera_front_wide_120fov,118,rear_right/rgb/000118.png
rear_right,119,3.966667,30,camera_front_wide_120fov,119,rear_right/rgb/000119.png
rear_right,120,4.000000,30,camera_front_wide_120fov,120,rear_right/rgb/000120.png
rear_right,121,4.033333,30,camera_front_wide_120fov,121,rear_right/rgb/000121.png
rear_right,122,4.066667,30,camera_front_wide_120fov,122,rear_right/rgb/000122.png
rear_right,123,4.100000,30,camera_front_wide_120fov,123,rear_right/rgb/000123.png
rear_right,124,4.133333,30,camera_front_wide_120fov,124,rear_right/rgb/000124.png
rear_right,125,4.166667,30,camera_front_wide_120fov,125,rear_right/rgb/000125.png
rear_right,126,4.200000,30,camera_front_wide_120fov,126,rear_right/rgb/000126.png
rear_right,127,4.233333,30,camera_front_wide_120fov,127,rear_right/rgb/000127.png
rear_right,128,4.266667,30,camera_front_wide_120fov,128,rear_right/rgb/000128.png
rear_right,129,4.300000,30,camera_front_wide_120fov,129,rear_right/rgb/000129.png
rear_right,130,4.333333,30,camera_front_wide_120fov,130,rear_right/rgb/000130.png
rear_right,131,4.366667,30,camera_front_wide_120fov,131,rear_right/rgb/000131.png
rear_right,132,4.400000,30,camera_front_wide_120fov,132,rear_right/rgb/000132.png
rear_right,133,4.433333,30,camera_front_wide_120fov,133,rear_right/rgb/000133.png
rear_right,134,4.466667,30,camera_front_wide_120fov,134,rear_right/rgb/000134.png
rear_right,135,4.500000,30,camera_front_wide_120fov,135,rear_right/rgb/000135.png
rear_right,136,4.533333,30,camera_front_wide_120fov,136,rear_right/rgb/000136.png
rear_right,137,4.566667,30,camera_front_wide_120fov,137,rear_right/rgb/000137.png
rear_right,138,4.600000,30,camera_front_wide_120fov,138,rear_right/rgb/000138.png
rear_right,139,4.633333,30,camera_front_wide_120fov,139,rear_right/rgb/000139.png
rear_right,140,4.666667,30,camera_front_wide_120fov,140,rear_right/rgb/000140.png
rear_right,141,4.700000,30,camera_front_wide_120fov,141,rear_right/rgb/000141.png
rear_right,142,4.733333,30,camera_front_wide_120fov,142,rear_right/rgb/000142.png
rear_right,143,4.766667,30,camera_front_wide_120fov,143,rear_right/rgb/000143.png
rear_right,144,4.800000,30,camera_front_wide_120fov,144,rear_right/rgb/000144.png
rear_right,145,4.833333,30,camera_front_wide_120fov,145,rear_right/rgb/000145.png
rear_right,146,4.866667,30,camera_front_wide_120fov,146,rear_right/rgb/000146.png
rear_right,147,4.900000,30,camera_front_wide_120fov,147,rear_right/rgb/000147.png
rear_right,148,4.933333,30,camera_front_wide_120fov,148,rear_right/rgb/000148.png
rear_right,149,4.966667,30,camera_front_wide_120fov,149,rear_right/rgb/000149.png
rear_right,150,5.000000,30,camera_front_wide_120fov,150,rear_right/rgb/000150.png
rear_right,151,5.033333,30,camera_front_wide_120fov,151,rear_right/rgb/000151.png
rear_right,152,5.066667,30,camera_front_wide_120fov,152,rear_right/rgb/000152.png
rear_right,153,5.100000,30,camera_front_wide_120fov,153,rear_right/rgb/000153.png
rear_right,154,5.133333,30,camera_front_wide_120fov,154,rear_right/rgb/000154.png
rear_right,155,5.166667,30,camera_front_wide_120fov,155,rear_right/rgb/000155.png
rear_right,156,5.200000,30,camera_front_wide_120fov,156,rear_right/rgb/000156.png
rear_right,157,5.233333,30,camera_front_wide_120fov,157,rear_right/rgb/000157.png
rear_right,158,5.266667,30,camera_front_wide_120fov,158,rear_right/rgb/000158.png
rear_right,159,5.300000,30,camera_front_wide_120fov,159,rear_right/rgb/000159.png
rear_right,160,5.333333,30,camera_front_wide_120fov,160,rear_right/rgb/000160.png
rear_right,161,5.366667,30,camera_front_wide_120fov,161,rear_right/rgb/000161.png
rear_right,162,5.400000,30,camera_front_wide_120fov,162,rear_right/rgb/000162.png
rear_right,163,5.433333,30,camera_front_wide_120fov,163,rear_right/rgb/000163.png
rear_right,164,5.466667,30,camera_front_wide_120fov,164,rear_right/rgb/000164.png
rear_right,165,5.500000,30,camera_front_wide_120fov,165,rear_right/rgb/000165.png
rear_right,166,5.533333,30,camera_front_wide_120fov,166,rear_right/rgb/000166.png
rear_right,167,5.566667,30,camera_front_wide_120fov,167,rear_right/rgb/000167.png
rear_right,168,5.600000,30,camera_front_wide_120fov,168,rear_right/rgb/000168.png
rear_right,169,5.633333,30,camera_front_wide_120fov,169,rear_right/rgb/000169.png
rear_right,170,5.666667,30,camera_front_wide_120fov,170,rear_right/rgb/000170.png
rear_right,171,5.700000,30,camera_front_wide_120fov,171,rear_right/rgb/000171.png
rear_right,172,5.733333,30,camera_front_wide_120fov,172,rear_right/rgb/000172.png
rear_right,173,5.766667,30,camera_front_wide_120fov,173,rear_right/rgb/000173.png
rear_right,174,5.800000,30,camera_front_wide_120fov,174,rear_right/rgb/000174.png
rear_right,175,5.833333,30,camera_front_wide_120fov,175,rear_right/rgb/000175.png
rear_right,176,5.866667,30,camera_front_wide_120fov,176,rear_right/rgb/000176.png
rear_right,177,5.900000,30,camera_front_wide_120fov,177,rear_right/rgb/000177.png
rear_right,178,5.933333,30,camera_front_wide_120fov,178,rear_right/rgb/000178.png
rear_right,179,5.966667,30,camera_front_wide_120fov,179,rear_right/rgb/000179.png
rear_right,180,6.000000,30,camera_front_wide_120fov,180,rear_right/rgb/000180.png
rear_right,181,6.033333,30,camera_front_wide_120fov,181,rear_right/rgb/000181.png
rear_right,182,6.066667,30,camera_front_wide_120fov,182,rear_right/rgb/000182.png
rear_right,183,6.100000,30,camera_front_wide_120fov,183,rear_right/rgb/000183.png
rear_right,184,6.133333,30,camera_front_wide_120fov,184,rear_right/rgb/000184.png
rear_right,185,6.166667,30,camera_front_wide_120fov,185,rear_right/rgb/000185.png
rear_right,186,6.200000,30,camera_front_wide_120fov,186,rear_right/rgb/000186.png
rear_right,187,6.233333,30,camera_front_wide_120fov,187,rear_right/rgb/000187.png
rear_right,188,6.266667,30,camera_front_wide_120fov,188,rear_right/rgb/000188.png
rear_right,189,6.300000,30,camera_front_wide_120fov,189,rear_right/rgb/000189.png
rear_right,190,6.333333,30,camera_front_wide_120fov,190,rear_right/rgb/000190.png
rear_right,191,6.366667,30,camera_front_wide_120fov,191,rear_right/rgb/000191.png
rear_right,192,6.400000,30,camera_front_wide_120fov,192,rear_right/rgb/000192.png
rear_right,193,6.433333,30,camera_front_wide_120fov,193,rear_right/rgb/000193.png
rear_right,194,6.466667,30,camera_front_wide_120fov,194,rear_right/rgb/000194.png
rear_right,195,6.500000,30,camera_front_wide_120fov,195,rear_right/rgb/000195.png
rear_right,196,6.533333,30,camera_front_wide_120fov,196,rear_right/rgb/000196.png
rear_right,197,6.566667,30,camera_front_wide_120fov,197,rear_right/rgb/000197.png
rear_right,198,6.600000,30,camera_front_wide_120fov,198,rear_right/rgb/000198.png
rear_right,199,6.633333,30,camera_front_wide_120fov,199,rear_right/rgb/000199.png
rear_right,200,6.666667,30,camera_front_wide_120fov,200,rear_right/rgb/000200.png
rear_right,201,6.700000,30,camera_front_wide_120fov,201,rear_right/rgb/000201.png
rear_right,202,6.733333,30,camera_front_wide_120fov,202,rear_right/rgb/000202.png
rear_right,203,6.766667,30,camera_front_wide_120fov,203,rear_right/rgb/000203.png
rear_right,204,6.800000,30,camera_front_wide_120fov,204,rear_right/rgb/000204.png
rear_right,205,6.833333,30,camera_front_wide_120fov,205,rear_right/rgb/000205.png
rear_right,206,6.866667,30,camera_front_wide_120fov,206,rear_right/rgb/000206.png
rear_right,207,6.900000,30,camera_front_wide_120fov,207,rear_right/rgb/000207.png
rear_right,208,6.933333,30,camera_front_wide_120fov,208,rear_right/rgb/000208.png
rear_right,209,6.966667,30,camera_front_wide_120fov,209,rear_right/rgb/000209.png
rear_right,210,7.000000,30,camera_front_wide_120fov,210,rear_right/rgb/000210.png
rear_right,211,7.033333,30,camera_front_wide_120fov,211,rear_right/rgb/000211.png
rear_right,212,7.066667,30,camera_front_wide_120fov,212,rear_right/rgb/000212.png
rear_right,213,7.100000,30,camera_front_wide_120fov,213,rear_right/rgb/000213.png
rear_right,214,7.133333,30,camera_front_wide_120fov,214,rear_right/rgb/000214.png
rear_right,215,7.166667,30,camera_front_wide_120fov,215,rear_right/rgb/000215.png
rear_right,216,7.200000,30,camera_front_wide_120fov,216,rear_right/rgb/000216.png
rear_right,217,7.233333,30,camera_front_wide_120fov,217,rear_right/rgb/000217.png
rear_right,218,7.266667,30,camera_front_wide_120fov,218,rear_right/rgb/000218.png
rear_right,219,7.300000,30,camera_front_wide_120fov,219,rear_right/rgb/000219.png
rear_right,220,7.333333,30,camera_front_wide_120fov,220,rear_right/rgb/000220.png
rear_right,221,7.366667,30,camera_front_wide_120fov,221,rear_right/rgb/000221.png
rear_right,222,7.400000,30,camera_front_wide_120fov,222,rear_right/rgb/000222.png
rear_right,223,7.433333,30,camera_front_wide_120fov,223,rear_right/rgb/000223.png
rear_right,224,7.466667,30,camera_front_wide_120fov,224,rear_right/rgb/000224.png
rear_right,225,7.500000,30,camera_front_wide_120fov,225,rear_right/rgb/000225.png
rear_right,226,7.533333,30,camera_front_wide_120fov,226,rear_right/rgb/000226.png
rear_right,227,7.566667,30,camera_front_wide_120fov,227,rear_right/rgb/000227.png
rear_right,228,7.600000,30,camera_front_wide_120fov,228,rear_right/rgb/000228.png
rear_right,229,7.633333,30,camera_front_wide_120fov,229,rear_right/rgb/000229.png
rear_right,230,7.666667,30,camera_front_wide_120fov,230,rear_right/rgb/000230.png
rear_right,231,7.700000,30,camera_front_wide_120fov,231,rear_right/rgb/000231.png
rear_right,232,7.733333,30,camera_front_wide_120fov,232,rear_right/rgb/000232.png
rear_right,233,7.766667,30,camera_front_wide_120fov,233,rear_right/rgb/000233.png
rear_right,234,7.800000,30,camera_front_wide_120fov,234,rear_right/rgb/000234.png
rear_right,235,7.833333,30,camera_front_wide_120fov,235,rear_right/rgb/000235.png
rear_right,236,7.866667,30,camera_front_wide_120fov,236,rear_right/rgb/000236.png
rear_right,237,7.900000,30,camera_front_wide_120fov,237,rear_right/rgb/000237.png
rear_right,238,7.933333,30,camera_front_wide_120fov,238,rear_right/rgb/000238.png
rear_right,239,7.966667,30,camera_front_wide_120fov,239,rear_right/rgb/000239.png
rear_right,240,8.000000,30,camera_front_wide_120fov,240,rear_right/rgb/000240.png
rear_right,241,8.033333,30,camera_front_wide_120fov,241,rear_right/rgb/000241.png
rear_right,242,8.066667,30,camera_front_wide_120fov,242,rear_right/rgb/000242.png
rear_right,243,8.100000,30,camera_front_wide_120fov,243,rear_right/rgb/000243.png
rear_right,244,8.133333,30,camera_front_wide_120fov,244,rear_right/rgb/000244.png
rear_right,245,8.166667,30,camera_front_wide_120fov,245,rear_right/rgb/000245.png
rear_right,246,8.200000,30,camera_front_wide_120fov,246,rear_right/rgb/000246.png
rear_right,247,8.233333,30,camera_front_wide_120fov,247,rear_right/rgb/000247.png
rear_right,248,8.266667,30,camera_front_wide_120fov,248,rear_right/rgb/000248.png
rear_right,249,8.300000,30,camera_front_wide_120fov,249,rear_right/rgb/000249.png
rear_right,250,8.333333,30,camera_front_wide_120fov,250,rear_right/rgb/000250.png
rear_right,251,8.366667,30,camera_front_wide_120fov,251,rear_right/rgb/000251.png
rear_right,252,8.400000,30,camera_front_wide_120fov,252,rear_right/rgb/000252.png
rear_right,253,8.433333,30,camera_front_wide_120fov,253,rear_right/rgb/000253.png
rear_right,254,8.466667,30,camera_front_wide_120fov,254,rear_right/rgb/000254.png
rear_right,255,8.500000,30,camera_front_wide_120fov,255,rear_right/rgb/000255.png
rear_right,256,8.533333,30,camera_front_wide_120fov,256,rear_right/rgb/000256.png
rear_right,257,8.566667,30,camera_front_wide_120fov,257,rear_right/rgb/000257.png
rear_right,258,8.600000,30,camera_front_wide_120fov,258,rear_right/rgb/000258.png
rear_right,259,8.633333,30,camera_front_wide_120fov,259,rear_right/rgb/000259.png
rear_right,260,8.666667,30,camera_front_wide_120fov,260,rear_right/rgb/000260.png
rear_right,261,8.700000,30,camera_front_wide_120fov,261,rear_right/rgb/000261.png
rear_right,262,8.733333,30,camera_front_wide_120fov,262,rear_right/rgb/000262.png
rear_right,263,8.766667,30,camera_front_wide_120fov,263,rear_right/rgb/000263.png
rear_right,264,8.800000,30,camera_front_wide_120fov,264,rear_right/rgb/000264.png
rear_right,265,8.833333,30,camera_front_wide_120fov,265,rear_right/rgb/000265.png
rear_right,266,8.866667,30,camera_front_wide_120fov,266,rear_right/rgb/000266.png
rear_right,267,8.900000,30,camera_front_wide_120fov,267,rear_right/rgb/000267.png
rear_right,268,8.933333,30,camera_front_wide_120fov,268,rear_right/rgb/000268.png
rear_right,269,8.966667,30,camera_front_wide_120fov,269,rear_right/rgb/000269.png
rear_right,270,9.000000,30,camera_front_wide_120fov,270,rear_right/rgb/000270.png
rear_right,271,9.033333,30,camera_front_wide_120fov,271,rear_right/rgb/000271.png
rear_right,272,9.066667,30,camera_front_wide_120fov,272,rear_right/rgb/000272.png
rear_right,273,9.100000,30,camera_front_wide_120fov,273,rear_right/rgb/000273.png
rear_right,274,9.133333,30,camera_front_wide_120fov,274,rear_right/rgb/000274.png
rear_right,275,9.166667,30,camera_front_wide_120fov,275,rear_right/rgb/000275.png
rear_right,276,9.200000,30,camera_front_wide_120fov,276,rear_right/rgb/000276.png
rear_right,277,9.233333,30,camera_front_wide_120fov,277,rear_right/rgb/000277.png
rear_right,278,9.266667,30,camera_front_wide_120fov,278,rear_right/rgb/000278.png
rear_right,279,9.300000,30,camera_front_wide_120fov,279,rear_right/rgb/000279.png
rear_right,280,9.333333,30,camera_front_wide_120fov,280,rear_right/rgb/000280.png
rear_right,281,9.366667,30,camera_front_wide_120fov,281,rear_right/rgb/000281.png
rear_right,282,9.400000,30,camera_front_wide_120fov,282,rear_right/rgb/000282.png
rear_right,283,9.433333,30,camera_front_wide_120fov,283,rear_right/rgb/000283.png
rear_right,284,9.466667,30,camera_front_wide_120fov,284,rear_right/rgb/000284.png
rear_right,285,9.500000,30,camera_front_wide_120fov,285,rear_right/rgb/000285.png
rear_right,286,9.533333,30,camera_front_wide_120fov,286,rear_right/rgb/000286.png
rear_right,287,9.566667,30,camera_front_wide_120fov,287,rear_right/rgb/000287.png
rear_right,288,9.600000,30,camera_front_wide_120fov,288,rear_right/rgb/000288.png
rear_right,289,9.633333,30,camera_front_wide_120fov,289,rear_right/rgb/000289.png
rear_right,290,9.666667,30,camera_front_wide_120fov,290,rear_right/rgb/000290.png
rear_right,291,9.700000,30,camera_front_wide_120fov,291,rear_right/rgb/000291.png
rear_right,292,9.733333,30,camera_front_wide_120fov,292,rear_right/rgb/000292.png
rear_right,293,9.766667,30,camera_front_wide_120fov,293,rear_right/rgb/000293.png
rear_right,294,9.800000,30,camera_front_wide_120fov,294,rear_right/rgb/000294.png
rear_right,295,9.833333,30,camera_front_wide_120fov,295,rear_right/rgb/000295.png
rear_right,296,9.866667,30,camera_front_wide_120fov,296,rear_right/rgb/000296.png
rear_right,297,9.900000,30,camera_front_wide_120fov,297,rear_right/rgb/000297.png
rear_right,298,9.933333,30,camera_front_wide_120fov,298,rear_right/rgb/000298.png
